'Ab_set_id','Category','P-Angles'
1,'mean_all_sets',-47.00779
2,'mean_all_sets',-39.7591
3,'mean_all_sets',-46.79277
4,'mean_all_sets',-47.96295
5,'mean_all_sets',-50.78396
6,'mean_all_sets',-46.85746
7,'mean_all_sets',-44.36004
8,'mean_all_sets',-44.27024
9,'mean_all_sets',-48.24005
10,'mean_all_sets',-46.12683
11,'mean_all_sets',-45.1164
12,'mean_all_sets',-45.95461
13,'mean_all_sets',-48.38157
14,'mean_all_sets',-46.39731
15,'mean_all_sets',-42.95501
16,'mean_all_sets',-47.04676
17,'mean_all_sets',-44.57882
18,'mean_all_sets',-47.53856
19,'mean_all_sets',-42.81734
20,'mean_all_sets',-44.72361
21,'mean_all_sets',-42.35117
22,'mean_all_sets',-44.08819
23,'mean_all_sets',-47.20342
24,'mean_all_sets',-44.94924
25,'mean_all_sets',-45.32082
26,'mean_all_sets',-48.79216
27,'mean_all_sets',-46.35405
28,'mean_all_sets',-40.74913
29,'mean_all_sets',-45.5405
30,'mean_all_sets',-44.61245
31,'mean_all_sets',-42.19895
32,'mean_all_sets',-45.64351
33,'mean_all_sets',-44.36808
34,'mean_all_sets',-42.05329
35,'mean_all_sets',-40.50448
36,'mean_all_sets',-47.62677
37,'mean_all_sets',-40.31082
38,'mean_all_sets',-47.7363
39,'mean_all_sets',-46.90014
40,'mean_all_sets',-44.21646
41,'mean_all_sets',-47.95079
42,'mean_all_sets',-46.54823
43,'mean_all_sets',-50.99752
44,'mean_all_sets',-44.12559
45,'mean_all_sets',-47.28586
46,'mean_all_sets',-48.97991
47,'mean_all_sets',-48.2324
48,'mean_all_sets',-44.28034
49,'mean_all_sets',-44.08829
50,'mean_all_sets',-44.08161
51,'mean_all_sets',-42.53223
52,'mean_all_sets',-47.77113
53,'mean_all_sets',-47.55775
54,'mean_all_sets',-47.50907
55,'mean_all_sets',-44.27024
56,'mean_all_sets',-47.10062
57,'mean_all_sets',-48.79216
58,'mean_all_sets',-47.07617
59,'mean_all_sets',-44.79962
60,'mean_all_sets',-47.90297
61,'mean_all_sets',-45.26134
62,'mean_all_sets',-49.39572
63,'mean_all_sets',-52.01889
64,'mean_all_sets',-44.55011
65,'mean_all_sets',-44.79962
66,'mean_all_sets',-49.01676
1,'mean_free_sets',-46.6733
2,'mean_free_sets',-43.83072
3,'mean_free_sets',-46.49661
4,'mean_free_sets',-47.92483
5,'mean_free_sets',-50.34056
6,'mean_free_sets',-46.35782
7,'mean_free_sets',-44.43496
8,'mean_free_sets',-43.11484
9,'mean_free_sets',-48.80737
10,'mean_free_sets',-45.33212
11,'mean_free_sets',-45.22422
12,'mean_free_sets',-44.12666
13,'mean_free_sets',-48.43927
14,'mean_free_sets',-46.04886
15,'mean_free_sets',-42.45273
16,'mean_free_sets',-48.31428
17,'mean_free_sets',-46.23429
18,'mean_free_sets',-45.6694
19,'mean_free_sets',-42.92852
20,'mean_free_sets',-45.1512
21,'mean_free_sets',-41.97998
22,'mean_free_sets',-42.39104
23,'mean_free_sets',-44.61505
24,'mean_free_sets',-43.74434
25,'mean_free_sets',-44.31441
26,'mean_free_sets',-49.26647
27,'mean_free_sets',-44.09359
28,'mean_free_sets',-41.44787
29,'mean_free_sets',-44.81053
30,'mean_free_sets',-42.0884
31,'mean_free_sets',-42.05028
32,'mean_free_sets',-43.51115
33,'mean_free_sets',-45.12401
34,'mean_free_sets',-39.44893
35,'mean_free_sets',-39.60475
36,'mean_free_sets',-47.64169
37,'mean_free_sets',-43.78645
38,'mean_free_sets',-43.64212
39,'mean_free_sets',-45.19992
40,'mean_free_sets',-45.05236
41,'mean_free_sets',-48.10786
42,'mean_free_sets',-45.94102
43,'mean_free_sets',-50.67624
44,'mean_free_sets',-42.97726
45,'mean_free_sets',-46.95278
46,'mean_free_sets',-50.89005
47,'mean_free_sets',-48.26859
48,'mean_free_sets',-43.73495
49,'mean_free_sets',-43.14501
50,'mean_free_sets',-43.8811
51,'mean_free_sets',-42.25921
52,'mean_free_sets',-48.95683
53,'mean_free_sets',-47.60286
54,'mean_free_sets',-50.6715
55,'mean_free_sets',-43.11484
56,'mean_free_sets',-44.71715
57,'mean_free_sets',-49.26647
58,'mean_free_sets',-49.93557
59,'mean_free_sets',-45.1512
60,'mean_free_sets',-44.178
61,'mean_free_sets',-43.76824
62,'mean_free_sets',-48.28949
63,'mean_free_sets',-49.56932
64,'mean_free_sets',-44.81053
65,'mean_free_sets',-45.1512
66,'mean_free_sets',-48.9889
1,'mean_complex_sets',-47.11928
2,'mean_complex_sets',-39.17744
3,'mean_complex_sets',-46.85201
4,'mean_complex_sets',-47.98837
5,'mean_complex_sets',-50.89481
6,'mean_complex_sets',-47.024
7,'mean_complex_sets',-44.32793
8,'mean_complex_sets',-46.96618
9,'mean_complex_sets',-47.95639
10,'mean_complex_sets',-46.92153
11,'mean_complex_sets',-45.08945
12,'mean_complex_sets',-46.05082
13,'mean_complex_sets',-47.48714
14,'mean_complex_sets',-46.45539
15,'mean_complex_sets',-43.092
16,'mean_complex_sets',-46.62425
17,'mean_complex_sets',-44.027
18,'mean_complex_sets',-48.00585
19,'mean_complex_sets',-42.37261
20,'mean_complex_sets',-44.56813
21,'mean_complex_sets',-42.62957
22,'mean_complex_sets',-45.36106
23,'mean_complex_sets',-48.06622
24,'mean_complex_sets',-45.35087
25,'mean_complex_sets',-46.32723
26,'mean_complex_sets',-48.71311
27,'mean_complex_sets',-47.10754
28,'mean_complex_sets',-40.51622
29,'mean_complex_sets',-45.66217
30,'mean_complex_sets',-45.62207
31,'mean_complex_sets',-42.34761
32,'mean_complex_sets',-46.3543
33,'mean_complex_sets',-44.1161
34,'mean_complex_sets',-44.65764
35,'mean_complex_sets',-41.85407
36,'mean_complex_sets',-47.6218
37,'mean_complex_sets',-39.15227
38,'mean_complex_sets',-48.75985
39,'mean_complex_sets',-47.58023
40,'mean_complex_sets',-43.91249
41,'mean_complex_sets',-47.92461
42,'mean_complex_sets',-46.66967
43,'mean_complex_sets',-51.3188
44,'mean_complex_sets',-44.50837
45,'mean_complex_sets',-48.2851
46,'mean_complex_sets',-47.06976
47,'mean_complex_sets',-48.16003
48,'mean_complex_sets',-44.46214
49,'mean_complex_sets',-44.24551
50,'mean_complex_sets',-44.13174
51,'mean_complex_sets',-42.80526
52,'mean_complex_sets',-47.4747
53,'mean_complex_sets',-47.46754
54,'mean_complex_sets',-46.45492
55,'mean_complex_sets',-46.96618
56,'mean_complex_sets',-47.8951
57,'mean_complex_sets',-48.71311
58,'mean_complex_sets',-46.12303
59,'mean_complex_sets',-44.68243
60,'mean_complex_sets',-49.14462
61,'mean_complex_sets',-45.63461
62,'mean_complex_sets',-49.94884
63,'mean_complex_sets',-52.50881
64,'mean_complex_sets',-44.48501
65,'mean_complex_sets',-44.68243
66,'mean_complex_sets',-49.10034
1,'all_redund_count',4
2,'all_redund_count',8
3,'all_redund_count',6
4,'all_redund_count',5
5,'all_redund_count',5
6,'all_redund_count',4
7,'all_redund_count',10
8,'all_redund_count',10
9,'all_redund_count',6
10,'all_redund_count',8
11,'all_redund_count',5
12,'all_redund_count',20
13,'all_redund_count',33
14,'all_redund_count',7
15,'all_redund_count',14
16,'all_redund_count',4
17,'all_redund_count',4
18,'all_redund_count',5
19,'all_redund_count',5
20,'all_redund_count',15
21,'all_redund_count',7
22,'all_redund_count',7
23,'all_redund_count',4
24,'all_redund_count',8
25,'all_redund_count',4
26,'all_redund_count',7
27,'all_redund_count',4
28,'all_redund_count',4
29,'all_redund_count',7
30,'all_redund_count',7
31,'all_redund_count',4
32,'all_redund_count',4
33,'all_redund_count',20
34,'all_redund_count',4
35,'all_redund_count',5
36,'all_redund_count',4
37,'all_redund_count',4
38,'all_redund_count',5
39,'all_redund_count',7
40,'all_redund_count',15
41,'all_redund_count',14
42,'all_redund_count',6
43,'all_redund_count',4
44,'all_redund_count',4
45,'all_redund_count',4
46,'all_redund_count',4
47,'all_redund_count',6
48,'all_redund_count',4
49,'all_redund_count',7
50,'all_redund_count',5
51,'all_redund_count',10
52,'all_redund_count',5
53,'all_redund_count',6
54,'all_redund_count',4
55,'all_redund_count',10
56,'all_redund_count',4
57,'all_redund_count',7
58,'all_redund_count',4
59,'all_redund_count',16
60,'all_redund_count',4
61,'all_redund_count',5
62,'all_redund_count',6
63,'all_redund_count',6
64,'all_redund_count',5
65,'all_redund_count',16
66,'all_redund_count',4
1,'free_redund_count',1
2,'free_redund_count',1
3,'free_redund_count',1
4,'free_redund_count',2
5,'free_redund_count',1
6,'free_redund_count',1
7,'free_redund_count',3
8,'free_redund_count',7
9,'free_redund_count',2
10,'free_redund_count',4
11,'free_redund_count',1
12,'free_redund_count',1
13,'free_redund_count',31
14,'free_redund_count',1
15,'free_redund_count',3
16,'free_redund_count',1
17,'free_redund_count',1
18,'free_redund_count',1
19,'free_redund_count',4
20,'free_redund_count',4
21,'free_redund_count',3
22,'free_redund_count',3
23,'free_redund_count',1
24,'free_redund_count',2
25,'free_redund_count',2
26,'free_redund_count',1
27,'free_redund_count',1
28,'free_redund_count',1
29,'free_redund_count',1
30,'free_redund_count',2
31,'free_redund_count',2
32,'free_redund_count',1
33,'free_redund_count',5
34,'free_redund_count',2
35,'free_redund_count',3
36,'free_redund_count',1
37,'free_redund_count',1
38,'free_redund_count',1
39,'free_redund_count',2
40,'free_redund_count',4
41,'free_redund_count',2
42,'free_redund_count',1
43,'free_redund_count',2
44,'free_redund_count',1
45,'free_redund_count',3
46,'free_redund_count',2
47,'free_redund_count',4
48,'free_redund_count',1
49,'free_redund_count',1
50,'free_redund_count',1
51,'free_redund_count',5
52,'free_redund_count',1
53,'free_redund_count',4
54,'free_redund_count',1
55,'free_redund_count',7
56,'free_redund_count',1
57,'free_redund_count',1
58,'free_redund_count',1
59,'free_redund_count',4
60,'free_redund_count',1
61,'free_redund_count',1
62,'free_redund_count',2
63,'free_redund_count',1
64,'free_redund_count',1
65,'free_redund_count',4
66,'free_redund_count',3
1,'complex_redund_count',3
2,'complex_redund_count',7
3,'complex_redund_count',5
4,'complex_redund_count',3
5,'complex_redund_count',4
6,'complex_redund_count',3
7,'complex_redund_count',7
8,'complex_redund_count',3
9,'complex_redund_count',4
10,'complex_redund_count',4
11,'complex_redund_count',4
12,'complex_redund_count',19
13,'complex_redund_count',2
14,'complex_redund_count',6
15,'complex_redund_count',11
16,'complex_redund_count',3
17,'complex_redund_count',3
18,'complex_redund_count',4
19,'complex_redund_count',1
20,'complex_redund_count',11
21,'complex_redund_count',4
22,'complex_redund_count',4
23,'complex_redund_count',3
24,'complex_redund_count',6
25,'complex_redund_count',2
26,'complex_redund_count',6
27,'complex_redund_count',3
28,'complex_redund_count',3
29,'complex_redund_count',6
30,'complex_redund_count',5
31,'complex_redund_count',2
32,'complex_redund_count',3
33,'complex_redund_count',15
34,'complex_redund_count',2
35,'complex_redund_count',2
36,'complex_redund_count',3
37,'complex_redund_count',3
38,'complex_redund_count',4
39,'complex_redund_count',5
40,'complex_redund_count',11
41,'complex_redund_count',12
42,'complex_redund_count',5
43,'complex_redund_count',2
44,'complex_redund_count',3
45,'complex_redund_count',1
46,'complex_redund_count',2
47,'complex_redund_count',2
48,'complex_redund_count',3
49,'complex_redund_count',6
50,'complex_redund_count',4
51,'complex_redund_count',5
52,'complex_redund_count',4
53,'complex_redund_count',2
54,'complex_redund_count',3
55,'complex_redund_count',3
56,'complex_redund_count',3
57,'complex_redund_count',6
58,'complex_redund_count',3
59,'complex_redund_count',12
60,'complex_redund_count',3
61,'complex_redund_count',4
62,'complex_redund_count',4
63,'complex_redund_count',5
64,'complex_redund_count',4
65,'complex_redund_count',12
66,'complex_redund_count',1
1,'all_median',-47.02759
2,'all_median',-38.76511
3,'all_median',-46.78842
4,'all_median',-48.09148
5,'all_median',-50.52116
6,'all_median',-46.72758
7,'all_median',-44.30922
8,'all_median',-43.40653
9,'all_median',-47.94524
10,'all_median',-45.7672
11,'all_median',-45.22422
12,'all_median',-45.89143
13,'all_median',-48.44351
14,'all_median',-46.1908
15,'all_median',-43.01233
16,'all_median',-46.7916
17,'all_median',-44.3759
18,'all_median',-48.07175
19,'all_median',-42.60826
20,'all_median',-44.85632
21,'all_median',-42.70484
22,'all_median',-43.497
23,'all_median',-47.56748
24,'all_median',-44.76024
25,'all_median',-45.06442
26,'all_median',-49.0581
27,'all_median',-46.42853
28,'all_median',-40.7342
29,'all_median',-44.81053
30,'all_median',-45.98763
31,'all_median',-42.13331
32,'all_median',-43.90581
33,'all_median',-43.9673
34,'all_median',-41.70598
35,'all_median',-38.44436
36,'all_median',-47.57167
37,'all_median',-39.46654
38,'all_median',-46.87822
39,'all_median',-47.34017
40,'all_median',-43.94945
41,'all_median',-47.92769
42,'all_median',-46.46495
43,'all_median',-50.83768
44,'all_median',-44.36975
45,'all_median',-47.20031
46,'all_median',-48.98305
47,'all_median',-47.88606
48,'all_median',-43.99738
49,'all_median',-44.33084
50,'all_median',-43.89544
51,'all_median',-42.33794
52,'all_median',-47.41072
53,'all_median',-47.80129
54,'all_median',-47.17719
55,'all_median',-43.40653
56,'all_median',-46.98076
57,'all_median',-49.0581
58,'all_median',-46.42161
59,'all_median',-44.96431
60,'all_median',-48.34772
61,'all_median',-45.95999
62,'all_median',-48.28949
63,'all_median',-51.6894
64,'all_median',-44.68212
65,'all_median',-44.96431
66,'all_median',-49.03071
1,'range_all_sets',1.113054
2,'range_all_sets',5.423115
3,'range_all_sets',2.880802
4,'range_all_sets',1.297193
5,'range_all_sets',2.968729
6,'range_all_sets',1.259038
7,'range_all_sets',3.506402
8,'range_all_sets',10.940336
9,'range_all_sets',2.47479
10,'range_all_sets',3.795474
11,'range_all_sets',1.050429
12,'range_all_sets',4.43404
13,'range_all_sets',2.198458
14,'range_all_sets',3.293656
15,'range_all_sets',2.723332
16,'range_all_sets',2.024718
17,'range_all_sets',2.90508
18,'range_all_sets',5.098002
19,'range_all_sets',1.003157
20,'range_all_sets',4.367285
21,'range_all_sets',4.042282
22,'range_all_sets',8.54651
23,'range_all_sets',4.448644
24,'range_all_sets',4.552725
25,'range_all_sets',3.918365
26,'range_all_sets',1.66727
27,'range_all_sets',4.371957
28,'range_all_sets',1.367615
29,'range_all_sets',4.296886
30,'range_all_sets',6.077366
31,'range_all_sets',0.903666
32,'range_all_sets',7.740125
33,'range_all_sets',4.262727
34,'range_all_sets',6.074268
35,'range_all_sets',8.362036
36,'range_all_sets',0.512255
37,'range_all_sets',5.262697
38,'range_all_sets',7.758262
39,'range_all_sets',7.554617
40,'range_all_sets',4.110692
41,'range_all_sets',2.051094
42,'range_all_sets',1.501983
43,'range_all_sets',1.627187
44,'range_all_sets',1.808345
45,'range_all_sets',3.228181
46,'range_all_sets',8.290868
47,'range_all_sets',3.409705
48,'range_all_sets',1.953091
49,'range_all_sets',4.669678
50,'range_all_sets',1.442561
51,'range_all_sets',3.186637
52,'range_all_sets',2.650443
53,'range_all_sets',3.981231
54,'range_all_sets',8.723699
55,'range_all_sets',10.940336
56,'range_all_sets',5.006646
57,'range_all_sets',1.66727
58,'range_all_sets',4.409698
59,'range_all_sets',4.367285
60,'range_all_sets',6.560409
61,'range_all_sets',4.443557
62,'range_all_sets',8.089146
63,'range_all_sets',4.608055
64,'range_all_sets',1.04328
65,'range_all_sets',4.367285
66,'range_all_sets',0.694306
1,'range_4_9_redund',1.113054
2,'range_4_9_redund',5.423115
3,'range_4_9_redund',2.880802
4,'range_4_9_redund',1.297193
5,'range_4_9_redund',2.968729
6,'range_4_9_redund',1.259038
7,'"range_4_9_redund"',
8,'"range_4_9_redund"',
9,'range_4_9_redund',2.47479
10,'range_4_9_redund',3.795474
11,'range_4_9_redund',1.050429
12,'"range_4_9_redund"',
13,'"range_4_9_redund"',
14,'range_4_9_redund',3.293656
15,'"range_4_9_redund"',
16,'range_4_9_redund',2.024718
17,'range_4_9_redund',2.90508
18,'range_4_9_redund',5.098002
19,'range_4_9_redund',1.003157
20,'"range_4_9_redund"',
21,'range_4_9_redund',4.042282
22,'range_4_9_redund',8.54651
23,'range_4_9_redund',4.448644
24,'range_4_9_redund',4.552725
25,'range_4_9_redund',3.918365
26,'range_4_9_redund',1.66727
27,'range_4_9_redund',4.371957
28,'range_4_9_redund',1.367615
29,'range_4_9_redund',4.296886
30,'range_4_9_redund',6.077366
31,'range_4_9_redund',0.903666
32,'range_4_9_redund',7.740125
33,'"range_4_9_redund"',
34,'range_4_9_redund',6.074268
35,'range_4_9_redund',8.362036
36,'range_4_9_redund',0.512255
37,'range_4_9_redund',5.262697
38,'range_4_9_redund',7.758262
39,'range_4_9_redund',7.554617
40,'"range_4_9_redund"',
41,'"range_4_9_redund"',
42,'range_4_9_redund',1.501983
43,'range_4_9_redund',1.627187
44,'range_4_9_redund',1.808345
45,'range_4_9_redund',3.228181
46,'range_4_9_redund',8.290868
47,'range_4_9_redund',3.409705
48,'range_4_9_redund',1.953091
49,'range_4_9_redund',4.669678
50,'range_4_9_redund',1.442561
51,'"range_4_9_redund"',
52,'range_4_9_redund',2.650443
53,'range_4_9_redund',3.981231
54,'range_4_9_redund',8.723699
55,'"range_4_9_redund"',
56,'range_4_9_redund',5.006646
57,'range_4_9_redund',1.66727
58,'range_4_9_redund',4.409698
59,'"range_4_9_redund"',
60,'range_4_9_redund',6.560409
61,'range_4_9_redund',4.443557
62,'range_4_9_redund',8.089146
63,'range_4_9_redund',4.608055
64,'range_4_9_redund',1.04328
65,'"range_4_9_redund"',
66,'range_4_9_redund',0.694306
1,'"range_free_groups"',
2,'"range_free_groups"',
3,'"range_free_groups"',
4,'range_free_sets',1.072754
5,'"range_free_groups"',
6,'"range_free_groups"',
7,'range_free_sets',3.098297
8,'range_free_sets',5.449025
9,'range_free_sets',2.37737
10,'range_free_sets',2.553779
11,'"range_free_groups"',
12,'"range_free_groups"',
13,'range_free_sets',1.716535
14,'"range_free_groups"',
15,'range_free_sets',1.638403
16,'"range_free_groups"',
17,'"range_free_groups"',
18,'"range_free_groups"',
19,'range_free_sets',0.90398
20,'range_free_sets',2.720245
21,'range_free_sets',4.042282
22,'range_free_sets',3.23167
23,'"range_free_groups"',
24,'range_free_sets',0.721846
25,'range_free_sets',1.392756
26,'"range_free_groups"',
27,'"range_free_groups"',
28,'"range_free_groups"',
29,'"range_free_groups"',
30,'range_free_sets',3.31239
31,'range_free_sets',0.475064
32,'"range_free_groups"',
33,'range_free_sets',3.972394
34,'range_free_sets',0.170962
35,'range_free_sets',7.654884
36,'"range_free_groups"',
37,'"range_free_groups"',
38,'"range_free_groups"',
39,'range_free_sets',5.165984
40,'range_free_sets',3.972394
41,'range_free_sets',0.044338
42,'"range_free_groups"',
43,'range_free_sets',0.664953
44,'"range_free_groups"',
45,'range_free_sets',3.228181
46,'range_free_sets',4.464288
47,'range_free_sets',2.834467
48,'"range_free_groups"',
49,'"range_free_groups"',
50,'"range_free_groups"',
51,'range_free_sets',1.220381
52,'"range_free_groups"',
53,'range_free_sets',3.981231
54,'"range_free_groups"',
55,'range_free_sets',5.449025
56,'"range_free_groups"',
57,'"range_free_groups"',
58,'"range_free_groups"',
59,'range_free_sets',2.720245
60,'"range_free_groups"',
61,'"range_free_groups"',
62,'range_free_sets',0.245458
63,'"range_free_groups"',
64,'"range_free_groups"',
65,'range_free_sets',2.720245
66,'range_free_sets',0.694306
1,'range_complex_sets',1.113054
2,'range_complex_sets',3.550383
3,'range_complex_sets',2.880802
4,'range_complex_sets',1.297193
5,'range_complex_sets',2.968729
6,'range_complex_sets',1.07318
7,'range_complex_sets',3.506402
8,'range_complex_sets',8.148378
9,'range_complex_sets',0.892554
10,'range_complex_sets',2.58455
11,'range_complex_sets',1.050429
12,'range_complex_sets',3.531677
13,'range_complex_sets',1.055755
14,'range_complex_sets',3.293656
15,'range_complex_sets',1.995354
16,'range_complex_sets',0.748673
17,'range_complex_sets',1.468619
18,'range_complex_sets',5.098002
19,'"range_complex_groups"',
20,'range_complex_sets',3.171021
21,'range_complex_sets',0.921621
22,'range_complex_sets',6.609385
23,'range_complex_sets',2.60727
24,'range_complex_sets',4.552725
25,'range_complex_sets',2.418345
26,'range_complex_sets',1.66727
27,'range_complex_sets',2.439341
28,'range_complex_sets',1.142307
29,'range_complex_sets',4.296886
30,'range_complex_sets',3.552779
31,'range_complex_sets',0.737612
32,'range_complex_sets',7.38071
33,'range_complex_sets',3.956863
34,'range_complex_sets',1.560169
35,'range_complex_sets',6.819433
36,'range_complex_sets',0.512255
37,'range_complex_sets',1.215623
38,'range_complex_sets',4.94848
39,'range_complex_sets',5.50372
40,'range_complex_sets',3.804828
41,'range_complex_sets',2.051094
42,'range_complex_sets',1.388423
43,'range_complex_sets',1.304317
44,'range_complex_sets',0.67776
45,'"range_complex_groups"',
46,'range_complex_sets',4.476863
47,'range_complex_sets',3.002781
48,'range_complex_sets',1.953091
49,'range_complex_sets',4.669678
50,'range_complex_sets',1.442561
51,'range_complex_sets',3.186637
52,'range_complex_sets',2.650443
53,'range_complex_sets',1.270979
54,'range_complex_sets',8.723699
55,'range_complex_sets',8.148378
56,'range_complex_sets',4.829705
57,'range_complex_sets',1.66727
58,'range_complex_sets',1.686084
59,'range_complex_sets',3.434451
60,'range_complex_sets',4.579929
61,'range_complex_sets',4.443557
62,'range_complex_sets',8.089146
63,'range_complex_sets',2.929417
64,'range_complex_sets',1.04328
65,'range_complex_sets',3.434451
66,'"range_complex_groups"',
1,'sd_all_sets',0.5391518
2,'sd_all_sets',2.0208037
3,'sd_all_sets',0.9901522
4,'sd_all_sets',0.5994892
5,'sd_all_sets',1.1291145
6,'sd_all_sets',0.5560883
7,'sd_all_sets',1.4302644
8,'sd_all_sets',3.3132728
9,'sd_all_sets',0.9167923
10,'sd_all_sets',1.4226085
11,'sd_all_sets',0.5172989
12,'sd_all_sets',0.8539609
13,'sd_all_sets',0.4805259
14,'sd_all_sets',1.0852495
15,'sd_all_sets',0.67355
16,'sd_all_sets',0.9003393
17,'sd_all_sets',1.2570474
18,'sd_all_sets',2.1078036
19,'sd_all_sets',0.4656066
20,'sd_all_sets',1.0792269
21,'sd_all_sets',1.2578985
22,'sd_all_sets',2.7942486
23,'sd_all_sets',2.0731826
24,'sd_all_sets',1.8854439
25,'sd_all_sets',1.6274216
26,'sd_all_sets',0.6679725
27,'sd_all_sets',1.8168591
28,'sd_all_sets',0.6863116
29,'sd_all_sets',1.7302306
30,'sd_all_sets',2.3239004
31,'sd_all_sets',0.3971912
32,'sd_all_sets',3.743246
33,'sd_all_sets',1.3214668
34,'sd_all_sets',3.0747498
35,'sd_all_sets',4.0684333
36,'sd_all_sets',0.22594
37,'sd_all_sets',2.3698178
38,'sd_all_sets',3.1301737
39,'sd_all_sets',2.4991428
40,'sd_all_sets',1.3011443
41,'sd_all_sets',0.5859999
42,'sd_all_sets',0.5723703
43,'sd_all_sets',0.7034619
44,'sd_all_sets',0.8186776
45,'sd_all_sets',1.5909536
46,'sd_all_sets',3.3951298
47,'sd_all_sets',1.3750913
48,'sd_all_sets',0.8879353
49,'sd_all_sets',1.4599521
50,'sd_all_sets',0.5549751
51,'sd_all_sets',0.8916901
52,'sd_all_sets',1.1756542
53,'sd_all_sets',1.4903738
54,'sd_all_sets',4.5793905
55,'sd_all_sets',3.3132728
56,'sd_all_sets',2.6645233
57,'sd_all_sets',0.6679725
58,'sd_all_sets',2.0563542
59,'sd_all_sets',1.0860547
60,'sd_all_sets',3.260688
61,'sd_all_sets',1.8748411
62,'sd_all_sets',3.020829
63,'sd_all_sets',1.7012891
64,'sd_all_sets',0.4167273
65,'sd_all_sets',1.0860547
66,'sd_all_sets',0.289543
1,'"sd_free_groups"',
2,'"sd_free_groups"',
3,'"sd_free_groups"',
4,'sd_free_sets',0.7585516
5,'"sd_free_groups"',
6,'"sd_free_groups"',
7,'sd_free_sets',1.5511199
8,'sd_free_sets',2.1277319
9,'sd_free_sets',1.6810544
10,'sd_free_sets',1.1089668
11,'"sd_free_groups"',
12,'"sd_free_groups"',
13,'sd_free_sets',0.4134588
14,'"sd_free_groups"',
15,'sd_free_sets',0.839024
16,'"sd_free_groups"',
17,'"sd_free_groups"',
18,'"sd_free_groups"',
19,'sd_free_sets',0.4545808
20,'sd_free_sets',1.1875222
21,'sd_free_sets',2.037402
22,'sd_free_sets',1.6165708
23,'"sd_free_groups"',
24,'sd_free_sets',0.5104222
25,'sd_free_sets',0.9848272
26,'"sd_free_groups"',
27,'"sd_free_groups"',
28,'"sd_free_groups"',
29,'"sd_free_groups"',
30,'sd_free_sets',2.3422134
31,'sd_free_sets',0.335921
32,'"sd_free_groups"',
33,'sd_free_sets',1.4668101
34,'sd_free_sets',0.1208884
35,'sd_free_sets',4.294468
36,'"sd_free_groups"',
37,'"sd_free_groups"',
38,'"sd_free_groups"',
39,'sd_free_sets',3.6529023
40,'sd_free_sets',1.6835923
41,'sd_free_sets',0.0313517
42,'"sd_free_groups"',
43,'sd_free_sets',0.4701928
44,'"sd_free_groups"',
45,'sd_free_sets',1.7694774
46,'sd_free_sets',3.1567283
47,'sd_free_sets',1.2819672
48,'"sd_free_groups"',
49,'"sd_free_groups"',
50,'"sd_free_groups"',
51,'sd_free_sets',0.4751236
52,'"sd_free_groups"',
53,'sd_free_sets',1.8505821
54,'"sd_free_groups"',
55,'sd_free_sets',2.1277319
56,'"sd_free_groups"',
57,'"sd_free_groups"',
58,'"sd_free_groups"',
59,'sd_free_sets',1.1875222
60,'"sd_free_groups"',
61,'"sd_free_groups"',
62,'sd_free_sets',0.173565
63,'"sd_free_groups"',
64,'"sd_free_groups"',
65,'sd_free_sets',1.1875222
66,'sd_free_sets',0.347988
1,'sd_complex_sets',0.6011993
2,'sd_complex_sets',1.2674874
3,'sd_complex_sets',1.095074
4,'sd_complex_sets',0.6547149
5,'sd_complex_sets',1.2719852
6,'sd_complex_sets',0.5453673
7,'sd_complex_sets',1.5041556
8,'sd_complex_sets',4.4993098
9,'sd_complex_sets',0.3701511
10,'sd_complex_sets',1.3447286
11,'sd_complex_sets',0.5932572
12,'sd_complex_sets',0.7578646
13,'sd_complex_sets',0.7465315
14,'sd_complex_sets',1.1768552
15,'sd_complex_sets',0.5938424
16,'sd_complex_sets',0.3805829
17,'sd_complex_sets',0.7370282
18,'sd_complex_sets',2.1137762
19,'"sd_complex_groups"',
20,'sd_complex_sets',1.0525367
21,'sd_complex_sets',0.3951617
22,'sd_complex_sets',2.9720135
23,'sd_complex_sets',1.4073614
24,'sd_complex_sets',2.0372703
25,'sd_complex_sets',1.7100281
26,'sd_complex_sets',0.6949336
27,'sd_complex_sets',1.2429836
28,'sd_complex_sets',0.6172886
29,'sd_complex_sets',1.8622848
30,'sd_complex_sets',1.5065537
31,'sd_complex_sets',0.5215704
32,'sd_complex_sets',4.2410524
33,'sd_complex_sets',1.21783
34,'sd_complex_sets',1.1032061
35,'sd_complex_sets',4.8220673
36,'sd_complex_sets',0.2764507
37,'sd_complex_sets',0.6088694
38,'sd_complex_sets',2.4657009
39,'sd_complex_sets',2.0022787
40,'sd_complex_sets',1.067098
41,'sd_complex_sets',0.6328579
42,'sd_complex_sets',0.5467167
43,'sd_complex_sets',0.9222914
44,'sd_complex_sets',0.355302
45,'"sd_complex_groups"',
46,'sd_complex_sets',3.1656202
47,'sd_complex_sets',2.1232868
48,'sd_complex_sets',0.9921412
49,'sd_complex_sets',1.5330156
50,'sd_complex_sets',0.6276232
51,'sd_complex_sets',1.173413
52,'sd_complex_sets',1.1212049
53,'sd_complex_sets',0.8987179
54,'sd_complex_sets',4.9788456
55,'sd_complex_sets',4.4993098
56,'sd_complex_sets',2.6195914
57,'sd_complex_sets',0.6949336
58,'sd_complex_sets',0.9445076
59,'sd_complex_sets',1.0788395
60,'sd_complex_sets',2.5880305
61,'sd_complex_sets',1.9385085
62,'sd_complex_sets',3.7383451
63,'sd_complex_sets',1.348279
64,'sd_complex_sets',0.4508779
65,'sd_complex_sets',1.0788395
66,'"sd_complex_groups"',
1,'"sd_redund_10plus"',
2,'"sd_redund_10plus"',
3,'"sd_redund_10plus"',
4,'"sd_redund_10plus"',
5,'"sd_redund_10plus"',
6,'"sd_redund_10plus"',
7,'sd_redund_10plus',1.4302644
8,'sd_redund_10plus',3.3132728
9,'"sd_redund_10plus"',
10,'"sd_redund_10plus"',
11,'"sd_redund_10plus"',
12,'sd_redund_10plus',0.8539609
13,'sd_redund_10plus',0.4805259
14,'"sd_redund_10plus"',
15,'sd_redund_10plus',0.67355
16,'"sd_redund_10plus"',
17,'"sd_redund_10plus"',
18,'"sd_redund_10plus"',
19,'"sd_redund_10plus"',
20,'sd_redund_10plus',1.0792269
21,'"sd_redund_10plus"',
22,'"sd_redund_10plus"',
23,'"sd_redund_10plus"',
24,'"sd_redund_10plus"',
25,'"sd_redund_10plus"',
26,'"sd_redund_10plus"',
27,'"sd_redund_10plus"',
28,'"sd_redund_10plus"',
29,'"sd_redund_10plus"',
30,'"sd_redund_10plus"',
31,'"sd_redund_10plus"',
32,'"sd_redund_10plus"',
33,'sd_redund_10plus',1.3214668
34,'"sd_redund_10plus"',
35,'"sd_redund_10plus"',
36,'"sd_redund_10plus"',
37,'"sd_redund_10plus"',
38,'"sd_redund_10plus"',
39,'"sd_redund_10plus"',
40,'sd_redund_10plus',1.3011443
41,'sd_redund_10plus',0.5859999
42,'"sd_redund_10plus"',
43,'"sd_redund_10plus"',
44,'"sd_redund_10plus"',
45,'"sd_redund_10plus"',
46,'"sd_redund_10plus"',
47,'"sd_redund_10plus"',
48,'"sd_redund_10plus"',
49,'"sd_redund_10plus"',
50,'"sd_redund_10plus"',
51,'sd_redund_10plus',0.8916901
52,'"sd_redund_10plus"',
53,'"sd_redund_10plus"',
54,'"sd_redund_10plus"',
55,'sd_redund_10plus',3.3132728
56,'"sd_redund_10plus"',
57,'"sd_redund_10plus"',
58,'"sd_redund_10plus"',
59,'sd_redund_10plus',1.0860547
60,'"sd_redund_10plus"',
61,'"sd_redund_10plus"',
62,'"sd_redund_10plus"',
63,'"sd_redund_10plus"',
64,'"sd_redund_10plus"',
65,'sd_redund_10plus',1.0860547
66,'sd_redund_10plus',
1,,
2,,
3,,
4,,
5,,
6,,
7,,
8,,
9,,
10,,
11,,
12,,
13,,
14,,
15,,
16,,
17,,
18,,
19,,
20,,
21,,
22,,
23,,
24,,
25,,
26,,
27,,
28,,
29,,
30,,
31,,
32,,
33,,
34,,
35,,
36,,
37,,
38,,
39,,
40,,
41,,
42,,
43,,
44,,
45,,
46,,
47,,
48,,
49,,
50,,
51,,
52,,
53,,
54,,
55,,
56,,
57,,
58,,
59,,
60,,
61,,
62,,
63,,
64,,
65,,
66,,
1,,
2,,
3,,
4,,
5,,
6,,
7,,
8,,
9,,
10,,
11,,
12,,
13,,
14,,
15,,
16,,
17,,
18,,
19,,
20,,
21,,
22,,
23,,
24,,
25,,
26,,
27,,
28,,
29,,
30,,
31,,
32,,
33,,
34,,
35,,
36,,
37,,
38,,
39,,
40,,
41,,
42,,
43,,
44,,
45,,
46,,
47,,
48,,
49,,
50,,
51,,
52,,
53,,
54,,
55,,
56,,
57,,
58,,
59,,
60,,
61,,
62,,
63,,
64,,
65,,
66,,
1,,
2,,
3,,
4,,
5,,
6,,
7,,
8,,
9,,
10,,
11,,
12,,
13,,
14,,
15,,
16,,
17,,
18,,
19,,
20,,
21,,
22,,
23,,
24,,
25,,
26,,
27,,
28,,
29,,
30,,
31,,
32,,
33,,
34,,
35,,
36,,
37,,
38,,
39,,
40,,
41,,
42,,
43,,
44,,
45,,
46,,
47,,
48,,
49,,
50,,
51,,
52,,
53,,
54,,
55,,
56,,
57,,
58,,
59,,
60,,
61,,
62,,
63,,
64,,
65,,
66,,
1,,
2,,
3,,
4,,
5,,
6,,
7,,
8,,
9,,
10,,
11,,
12,,
13,,
14,,
15,,
16,,
17,,
18,,
19,,
20,,
21,,
22,,
23,,
24,,
25,,
26,,
27,,
28,,
29,,
30,,
31,,
32,,
33,,
34,,
35,,
36,,
37,,
38,,
39,,
40,,
41,,
42,,
43,,
44,,
45,,
46,,
47,,
48,,
49,,
50,,
51,,
52,,
53,,
54,,
55,,
56,,
57,,
58,,
59,,
60,,
61,,
62,,
63,,
64,,
65,,
66,,
1,,
2,,
3,,
4,,
5,,
6,,
7,,
8,,
9,,
10,,
11,,
12,,
13,,
14,,
15,,
16,,
17,,
18,,
19,,
20,,
21,,
22,,
23,,
24,,
25,,
26,,
27,,
28,,
29,,
30,,
31,,
32,,
33,,
34,,
35,,
36,,
37,,
38,,
39,,
40,,
41,,
42,,
43,,
44,,
45,,
46,,
47,,
48,,
49,,
50,,
51,,
52,,
53,,
54,,
55,,
56,,
57,,
58,,
59,,
60,,
61,,
62,,
63,,
64,,
65,,
66,,
1,,
2,,
3,,
4,,
5,,
6,,
7,,
8,,
9,,
10,,
11,,
12,,
13,,
14,,
15,,
16,,
17,,
18,,
19,,
20,,
21,,
22,,
23,,
24,,
25,,
26,,
27,,
28,,
29,,
30,,
31,,
32,,
33,,
34,,
35,,
36,,
37,,
38,,
39,,
40,,
41,,
42,,
43,,
44,,
45,,
46,,
47,,
48,,
49,,
50,,
51,,
52,,
53,,
54,,
55,,
56,,
57,,
58,,
59,,
60,,
61,,
62,,
63,,
64,,
65,,
66,,
1,,
2,,
3,,
4,,
5,,
6,,
7,,
8,,
9,,
10,,
11,,
12,,
13,,
14,,
15,,
16,,
17,,
18,,
19,,
20,,
21,,
22,,
23,,
24,,
25,,
26,,
27,,
28,,
29,,
30,,
31,,
32,,
33,,
34,,
35,,
36,,
37,,
38,,
39,,
40,,
41,,
42,,
43,,
44,,
45,,
46,,
47,,
48,,
49,,
50,,
51,,
52,,
53,,
54,,
55,,
56,,
57,,
58,,
59,,
60,,
61,,
62,,
63,,
64,,
65,,
66,,
1,,
2,,
3,,
4,,
5,,
6,,
7,,
8,,
9,,
10,,
11,,
12,,
13,,
14,,
15,,
16,,
17,,
18,,
19,,
20,,
21,,
22,,
23,,
24,,
25,,
26,,
27,,
28,,
29,,
30,,
31,,
32,,
33,,
34,,
35,,
36,,
37,,
38,,
39,,
40,,
41,,
42,,
43,,
44,,
45,,
46,,
47,,
48,,
49,,
50,,
51,,
52,,
53,,
54,,
55,,
56,,
57,,
58,,
59,,
60,,
61,,
62,,
63,,
64,,
65,,
66,,
