"Grade 1",,,,"Grade 2",,,,,"Grade"
"4M6M_1.pdb:","H","4M6M_1.pdb:","L","4JDV_2.pdb:","L","4JDV_2.pdb:","H",,
"GLY","H44","ALA","L43","ALA","L43","GLY","H44",,
"LEU","H45","PRO","L44","PRO","L44","LEU","H45",,
"GLU","H46","LYS","L45","ARG","L45","GLU","H46",,
"TRP","H47","LEU","L46","LEU","L46","TRP","H47",,
"ASP","H101","VAL","L96","GLU","L96","GLN","H101",,
"GLN","H105","PHE","L98","PHE","L98","GLN","H105",,
"4M6N_1.pdb:","H","4M6N_1.pdb:","L","4JAM_1.pdb:","L","4JAM_1.pdb:","H",,
"GLY","H44","ALA","L43","SER","L43","GLY","H44",,
"LEU","H45","PRO","L44","PRO","L44","LEU","H45",,
"GLU","H46","LYS","L45","GLU","L45","GLU","H46",,
"TRP","H47","LEU","L46","VAL","L46","TRP","H47",,
"ASP","H101","VAL","L96","PHE","L96","ARG","H101",,
"GLN","H105","PHE","L98","PHE","L98","ARG","H105",,
"4M5Y_1.pdb:","H","4M5Y_1.pdb:","L","4JAN_1.pdb:","L","4JAN_1.pdb:","H",,
"GLY","H44","ALA","L43","SER","L43","GLY","H44",,
"LEU","H45","PRO","L44","PRO","L44","LEU","H45",,
"GLU","H46","VAL","L45","GLU","L45","GLU","H46",,
"TRP","H47","LEU","L46","VAL","L46","TRP","H47",,
"ASP","H101","ALA","L96","PHE","L96","ARG","H101",,
"GLN","H105","PHE","L98","PHE","L98","ARG","H105",,
"4M5Z_1.pdb:","H","4M5Z_1.pdb:","L","4JDV_1.pdb:","L","4JDV_1.pdb:","H",,
"GLY","H44","ALA","L43","ALA","L43","GLY","H44",,
"LEU","H45","PRO","L44","PRO","L44","LEU","H45",,
"GLU","H46","VAL","L45","ARG","L45","GLU","H46",,
"TRP","H47","LEU","L46","LEU","L46","TRP","H47",,
"ASP","H101","ALA","L96","GLU","L96","GLN","H101",,
"GLN","H105","PHE","L98","PHE","L98","GLN","H105",,
"4NUG_1.pdb:","H","4NUG_1.pdb:","L","4RFE_1.pdb:","L","4RFE_1.pdb:","H",,
"GLY","H44","SER","L43","ALA","L43","GLY","H44",,
"LEU","H45","PRO","L44","PRO","L44","LEU","H45",,
"GLU","H46","GLN","L45","LYS","L45","GLU","H46",,
"TRP","H47","LEU","L46","LEU","L46","TRP","H47",,
"ASP","H101","LEU","L96","HIS","L96","ASP","H101",,
"GLN","H105","PHE","L98","PHE","L98","GLN","H105",,
"5FUU_1.pdb:","H","5FUU_1.pdb:","L","4R97_1.pdb:","L","4R97_1.pdb:","H",,
"GLY","H44","SER","L43","SER","L43","GLY","H44",,
"LEU","H45","PRO","L44","PRO","L44","LEU","H45",,
"GLU","H46","GLN","L45","ASN","L45","GLU","H46",,
"TRP","H47","LEU","L46","ALA","L46","TRP","H47",,
"ASP","H101","LEU","L96","LEU","L96","THR","H101",,
"GLN","H105","PHE","L98","PHE","L98","GLN","H105",,
"6DCQ_1.pdb:","H","6DCQ_1.pdb:","L","4R9Y_1.pdb:","L","4R9Y_1.pdb:","H",,
"GLY","H44","SER","L43","SER","L43","GLY","H44",,
"LEU","H45","PRO","L44","PRO","L44","LEU","H45",,
"GLU","H46","GLN","L45","ASN","L45","GLU","H46",,
"TRP","H47","LEU","L46","ALA","L46","TRP","H47",,
"ASP","H101","LEU","L96","LEU","L96","THR","H101",,
"GLN","H105","PHE","L98","PHE","L98","GLN","H105",,
"6MAR_1.pdb:","H","6MAR_1.pdb:","L","4RFN_1.pdb:","L","4RFN_1.pdb:","H",,
"GLY","H44","SER","L43","ALA","L43","GLY","H44",,
"LEU","H45","PRO","L44","PRO","L44","LEU","H45",,
"GLU","H46","GLN","L45","LYS","L45","GLU","H46",,
"TRP","H47","LEU","L46","LEU","L46","TRP","H47",,
"ASP","H101","LEU","L96","HIS","L96","ASP","H101",,
"GLN","H105","PHE","L98","PHE","L98","GLN","H105",,
"5WTG_1.pdb:","H","5WTG_1.pdb:","L","5FCU_1.pdb:","L","5FCU_1.pdb:","H",,
"ARG","H44","SER","L43","ALA","L43","GLY","H44",,
"LEU","H45","PRO","L44","PRO","L44","LEU","H45",,
"GLU","H46","LYS","L45","LYS","L45","GLU","H46",,
"TRP","H47","ARG","L46","LEU","L46","TRP","H47",,
"ASP","H101","TYR","L96","HIS","L96","ASP","H101",,
"GLN","H105","PHE","L98","PHE","L98","GLN","H105",,
"5WK2_1.pdb:","H","5WK2_1.pdb:","L","6EA5_1.pdb:","L","6EA5_1.pdb:","H",,
"GLY","H44","PRO","L43","ALA","L43","GLY","H44",,
"LEU","H45","PRO","L44","PRO","L44","LEU","H45",,
"GLU","H46","LYS","L45","LYS","L45","GLU","H46",,
"TRP","H47","LEU","L46","LEU","L46","TRP","H47",,
"ASP","H101","SER","L96","PRO","L96","ASP","H101",,
"GLN","H105","PHE","L98","PHE","L98","GLN","H105",,
"5WK3_1.pdb:","H","5WK3_1.pdb:","L","6EA7_1.pdb:","L","6EA7_1.pdb:","H",,
"GLY","H44","PRO","L43","ALA","L43","GLY","H44",,
"LEU","H45","PRO","L44","PRO","L44","LEU","H45",,
"GLU","H46","LYS","L45","LYS","L45","GLU","H46",,
"TRP","H47","LEU","L46","LEU","L46","TRP","H47",,
"ASP","H101","SER","L96","PRO","L96","ASP","H101",,
"GLN","H105","PHE","L98","PHE","L98","GLN","H105",,
"5WTH_1.pdb:","H","5WTH_1.pdb:","L","6DZL_1.pdb:","L","6DZL_1.pdb:","H",,
"ARG","H44","SER","L43","ALA","L43","GLY","H44",,
"LEU","H45","PRO","L44","PRO","L44","LEU","H45",,
"GLU","H46","LYS","L45","LYS","L45","GLU","H46",,
"TRP","H47","ARG","L46","LEU","L46","TRP","H47",,
"ASP","H101","TYR","L96","PRO","L96","ASP","H101",,
"GLN","H105","PHE","L98","PHE","L98","GLN","H105",,
,,,,"6DZM_1.pdb:","L","6DZM_1.pdb:","H",,
,,,,"ALA","L43","GLY","H44",,
,,,,"PRO","L44","LEU","H45",,
,,,,"LYS","L45","GLU","H46",,
,,,,"LEU","L46","TRP","H47",,
,,,,"PRO","L96","ASP","H101",,
,,,,"PHE","L98","GLN","H105",,
,,,,"6EA5_2.pdb:","L","6EA5_2.pdb:","H",,
,,,,"ALA","L43","GLY","H44",,
,,,,"PRO","L44","LEU","H45",,
,,,,"LYS","L45","GLU","H46",,
,,,,"LEU","L46","TRP","H47",,
,,,,"PRO","L96","ASP","H101",,
,,,,"PHE","L98","GLN","H105",,
,,,,"6EA7_2.pdb:","L","6EA7_2.pdb:","H",,
,,,,"ALA","L43","GLY","H44",,
,,,,"PRO","L44","LEU","H45",,
,,,,"LYS","L45","GLU","H46",,
,,,,"LEU","L46","TRP","H47",,
,,,,"PRO","L96","ASP","H101",,
,,,,"PHE","L98","GLN","H105",,
,,,,"5H30_1.pdb:","L","5H30_1.pdb:","H",,
,,,,"ALA","L43","ARG","H44",,
,,,,"PRO","L44","LEU","H45",,
,,,,"LYS","L45","GLU","H46",,
,,,,"LEU","L46","TRP","H47",,
,,,,"TRP","L96","ASP","H101",,
,,,,"PHE","L98","GLN","H105",,
,,,,"5H32_1.pdb:","L","5H32_1.pdb:","H",,
,,,,"ALA","L43","ARG","H44",,
,,,,"PRO","L44","LEU","H45",,
,,,,"LYS","L45","GLU","H46",,
,,,,"LEU","L46","TRP","H47",,
,,,,"TRP","L96","ASP","H101",,
,,,,"PHE","L98","GLN","H105",,
,,,,"4UT9_1.pdb:","L","4UT9_1.pdb:","H",,
,,,,"ALA","L43","ARG","H44",,
,,,,"PRO","L44","LEU","H45",,
,,,,"LYS","L45","GLU","H46",,
,,,,"LEU","L46","TRP","H47",,
,,,,"TRP","L96","ASP","H101",,
,,,,"PHE","L98","GLN","H105",,
,,,,"5H37_1.pdb:","L","5H37_1.pdb:","H",,
,,,,"ALA","L43","ARG","H44",,
,,,,"PRO","L44","LEU","H45",,
,,,,"LYS","L45","GLU","H46",,
,,,,"LEU","L46","TRP","H47",,
,,,,"TRP","L96","ASP","H101",,
,,,,"PHE","L98","GLN","H105",,
,,,,"4M7Z_1.pdb:","L","4M7Z_1.pdb:","H",,
,,,,"SER","L43","GLY","H44",,
,,,,"PRO","L44","LEU","H45",,
,,,,"LYS","L45","GLU","H46",,
,,,,"LEU","L46","TRP","H47",,
,,,,"TYR","L96","ALA","H101",,
,,,,"PHE","L98","GLN","H105",,
,,,,"4M93_1.pdb:","L","4M93_1.pdb:","H",,
,,,,"SER","L43","GLY","H44",,
,,,,"PRO","L44","LEU","H45",,
,,,,"LYS","L45","GLU","H46",,
,,,,"LEU","L46","TRP","H47",,
,,,,"TYR","L96","ALA","H101",,
,,,,"PHE","L98","GLN","H105",,
,,,,"4MA1_1.pdb:","L","4MA1_1.pdb:","H",,
,,,,"SER","L43","GLY","H44",,
,,,,"PRO","L44","LEU","H45",,
,,,,"LYS","L45","GLU","H46",,
,,,,"LEU","L46","TRP","H47",,
,,,,"TYR","L96","ALA","H101",,
,,,,"PHE","L98","GLN","H105",,
,,,,"4MA1_3.pdb:","L","4MA1_3.pdb:","H",,
,,,,"SER","L43","GLY","H44",,
,,,,"PRO","L44","LEU","H45",,
,,,,"LYS","L45","GLU","H46",,
,,,,"LEU","L46","TRP","H47",,
,,,,"TYR","L96","ALA","H101",,
,,,,"PHE","L98","GLN","H105",,
,,,,"4M7J_1.pdb:","L","4M7J_1.pdb:","H",,
,,,,"SER","L43","GLY","H44",,
,,,,"PRO","L44","LEU","H45",,
,,,,"LYS","L45","GLU","H46",,
,,,,"LEU","L46","TRP","H47",,
,,,,"TYR","L96","ALA","H101",,
,,,,"PHE","L98","GLN","H105",,
