"Grade 1",,,,,,"PDB Structure","Ab Set ID","Hydrophobicity",,,"Weighted- Hydrophobicity",,,,"Grade 2",,,,,,"PDB Structure","Ab Set Index","Hydrophobicity",,,"Weighted- Hydrophobicity",,,,"Grade 3",,,,,,"PDB Structure","Ab Set Index","Hydrophobicity",,,"Weighted- Hydrophobicity",,,,"Grade R",,,,,,"PDB Structure","Ab Set Index","Hydrophobicity",,,"Weighted- Hydrophobicity",,
"4M6M_1.pdb:","L","L","4M6M_1.pdb:","H","H",,,"L","H","TOTAL","L","H","TOTAL",,"4JDV_2.pdb:","L","L","4JDV_2.pdb:","H","H",,,"L","H","TOTAL","L","H","TOTAL",,"6AL4_1.pdb:","L","L","6AL4_1.pdb:","H","H",,,"L","H","TOTAL","L","H","TOTAL",,"1RFD_1.pdb:","L","L","1RFD_1.pdb:","H","H",,,"L","H","TOTAL","L","H","TOTAL"
0.25,"L43",0.8784,0.16,"H44",0.7542,,,,,,,,,,0.25,"L43",0.8784,0.16,"H44",0.7542,,,,,,,,,,0.25,"L43",0.8784,0.16,"H44",0.7542,,,,,,,,,,-0.26,"L43",0.8784,0.16,"H44",0.7542,,,,,,,,
-0.07,"L44",0.9433,0.53,"H45",0.9122,,,,,,,,,,-0.07,"L44",0.9433,0.53,"H45",0.9122,,,,,,,,,,-0.07,"L44",0.9433,0.53,"H45",0.9122,,,,,,,,,,-0.07,"L44",0.9433,0.53,"H45",0.9122,,,,,,,,
-1.1,"L45",0.51,-0.62,"H46",0.9511,,,,,,,,,,-1.8,"L45",0.51,-0.62,"H46",0.9511,,,,,,,,,,-1.1,"L45",0.51,-0.62,"H46",0.9511,,,,,,,,,,-0.69,"L45",0.51,-0.62,"H46",0.9511,,,,,,,,
0.53,"L46",0.8763,0.37,"H47",0.9808,,,,,,,,,,0.53,"L46",0.8763,0.37,"H47",0.9808,,,,,,,,,,0.53,"L46",0.8763,0.37,"H47",0.9808,,,,,,,,,,0.53,"L46",0.8763,0.37,"H47",0.9808,,,,,,,,
0.54,"L96",0.9402,-0.72,"H101",0.8753,"4M6M_1.pdb:",34,0.76,-0.97,-0.21,0.942306,-0.668175,0.274131,,-0.62,"L96",0.9402,-0.69,"H101",0.8753,"4JDV_2.pdb:",32,-1.1,-0.94,-2.04,-0.505326,-0.641916,-1.147242,,0.37,"L96",0.9402,-0.72,"H101",0.8753,"6AL4_1.pdb:",56,0.59,-0.97,-0.38,0.782472,-0.668175,0.114297,,0.61,"L96",0.9402,0.25,"H101",0.8753,"1RFD_1.pdb:",11,0.73,0,0.73,0.769236,0.180866,0.950102
0.61,"L98",0.619,-0.69,"H105",0.6019,,,,,,,,,,0.61,"L98",0.619,-0.69,"H105",0.6019,,,,,,,,,,0.61,"L98",0.619,-0.69,"H105",0.6019,,,,,,,,,,0.61,"L98",0.619,-0.69,"H105",0.6019,,,,,,,,
"4M6N_1.pdb:","L","L","4M6N_1.pdb:","H","H",,,,,,,,,,"4JAM_1.pdb:","L","L","4JAM_1.pdb:","H","H",,,,,,,,,,"6A76_1.pdb:","L","L","6A76_1.pdb:","H","H",,,,,,,,,,"1Q72_1.pdb:","L","L","1Q72_1.pdb:","H","H",,,,,,,,
0.25,"L43",0.8784,0.16,"H44",0.7542,,,,,,,,,,-0.26,"L43",0.8784,0.16,"H44",0.7542,,,,,,,,,,-0.26,"L43",0.8784,-1.8,"H44",0.7542,,,,,,,,,,-0.26,"L43",0.8784,0.16,"H44",0.7542,,,,,,,,
-0.07,"L44",0.9433,0.53,"H45",0.9122,,,,,,,,,,-0.07,"L44",0.9433,0.53,"H45",0.9122,,,,,,,,,,-0.07,"L44",0.9433,0.53,"H45",0.9122,,,,,,,,,,-0.07,"L44",0.9433,0.53,"H45",0.9122,,,,,,,,
-1.1,"L45",0.51,-0.62,"H46",0.9511,,,,,,,,,,-0.62,"L45",0.51,-0.62,"H46",0.9511,,,,,,,,,,-0.69,"L45",0.51,-0.62,"H46",0.9511,,,,,,,,,,-0.69,"L45",0.51,-0.62,"H46",0.9511,,,,,,,,
0.53,"L46",0.8763,0.37,"H47",0.9808,,,,,,,,,,0.54,"L46",0.8763,0.37,"H47",0.9808,,,,,,,,,,0.53,"L46",0.8763,0.53,"H47",0.9808,,,,,,,,,,0.53,"L46",0.8763,0.37,"H47",0.9808,,,,,,,,
0.54,"L96",0.9402,-0.72,"H101",0.8753,"4M6N_1.pdb:",34,0.76,-0.97,-0.21,0.942306,-0.668175,0.274131,,0.61,"L96",0.9402,-1.8,"H101",0.8753,"4JAM_1.pdb:",32,0.81,-3.16,-2.35,0.813699,-2.281608,-1.467909,,0.61,"L96",0.9402,-0.72,"H101",0.8753,"6A76_1.pdb:",56,0.73,-2.77,-2.04,0.769236,-1.989479,-1.220243,,0.61,"L96",0.9402,0.25,"H101",0.8753,"1Q72_1.pdb:",11,0.73,0,0.73,0.769236,0.180866,0.950102
0.61,"L98",0.619,-0.69,"H105",0.6019,,,,,,,,,,0.61,"L98",0.619,-1.8,"H105",0.6019,,,,,,,,,,0.61,"L98",0.619,-0.69,"H105",0.6019,,,,,,,,,,0.61,"L98",0.619,-0.69,"H105",0.6019,,,,,,,,
"4M5Y_1.pdb:","L","L","4M5Y_1.pdb:","H","H",,,,,,,,,,"4JAN_1.pdb:","L","L","4JAN_1.pdb:","H","H",,,,,,,,,,"6A77_1.pdb:","L","L","6A77_1.pdb:","H","H",,,,,,,,,,"1QYG_1.pdb:","L","L","1QYG_1.pdb:","H","H",,,,,,,,
0.25,"L43",0.8784,0.16,"H44",0.7542,,,,,,,,,,-0.26,"L43",0.8784,0.16,"H44",0.7542,,,,,,,,,,-0.26,"L43",0.8784,-1.8,"H44",0.7542,,,,,,,,,,-0.26,"L43",0.8784,0.16,"H44",0.7542,,,,,,,,
-0.07,"L44",0.9433,0.53,"H45",0.9122,,,,,,,,,,-0.07,"L44",0.9433,0.53,"H45",0.9122,,,,,,,,,,-0.07,"L44",0.9433,0.53,"H45",0.9122,,,,,,,,,,-0.07,"L44",0.9433,0.53,"H45",0.9122,,,,,,,,
0.54,"L45",0.51,-0.62,"H46",0.9511,,,,,,,,,,-0.62,"L45",0.51,-0.62,"H46",0.9511,,,,,,,,,,-0.69,"L45",0.51,-0.62,"H46",0.9511,,,,,,,,,,-0.69,"L45",0.51,-0.62,"H46",0.9511,,,,,,,,
0.53,"L46",0.8763,0.37,"H47",0.9808,,,,,,,,,,0.54,"L46",0.8763,0.37,"H47",0.9808,,,,,,,,,,0.53,"L46",0.8763,0.53,"H47",0.9808,,,,,,,,,,0.53,"L46",0.8763,0.37,"H47",0.9808,,,,,,,,
0.25,"L96",0.9402,-0.72,"H101",0.8753,"4M5Y_1.pdb:",34,2.11,-0.97,1.14,1.506048,-0.668175,0.837873,,0.61,"L96",0.9402,-1.8,"H101",0.8753,"4JAN_1.pdb:",32,0.81,-3.16,-2.35,0.813699,-2.281608,-1.467909,,0.61,"L96",0.9402,-0.72,"H101",0.8753,"6A77_1.pdb:",56,0.73,-2.77,-2.04,0.769236,-1.989479,-1.220243,,0.61,"L96",0.9402,0.25,"H101",0.8753,"1QYG_1.pdb:",11,0.73,0,0.73,0.769236,0.180866,0.950102
0.61,"L98",0.619,-0.69,"H105",0.6019,,,,,,,,,,0.61,"L98",0.619,-1.8,"H105",0.6019,,,,,,,,,,0.61,"L98",0.619,-0.69,"H105",0.6019,,,,,,,,,,0.61,"L98",0.619,-0.69,"H105",0.6019,,,,,,,,
"4M5Z_1.pdb:","L","L","4M5Z_1.pdb:","H","H",,,,,,,,,,"4JDV_1.pdb:","L","L","4JDV_1.pdb:","H","H",,,,,,,,,,"6A78_1.pdb:","L","L","6A78_1.pdb:","H","H",,,,,,,,,,"1RIU_1.pdb:","L","L","1RIU_1.pdb:","H","H",,,,,,,,
0.25,"L43",0.8784,0.16,"H44",0.7542,,,,,,,,,,0.25,"L43",0.8784,0.16,"H44",0.7542,,,,,,,,,,-0.26,"L43",0.8784,-1.8,"H44",0.7542,,,,,,,,,,-0.26,"L43",0.8784,0.16,"H44",0.7542,,,,,,,,
-0.07,"L44",0.9433,0.53,"H45",0.9122,,,,,,,,,,-0.07,"L44",0.9433,0.53,"H45",0.9122,,,,,,,,,,-0.07,"L44",0.9433,0.53,"H45",0.9122,,,,,,,,,,-0.07,"L44",0.9433,0.53,"H45",0.9122,,,,,,,,
0.54,"L45",0.51,-0.62,"H46",0.9511,,,,,,,,,,-1.8,"L45",0.51,-0.62,"H46",0.9511,,,,,,,,,,-0.69,"L45",0.51,-0.62,"H46",0.9511,,,,,,,,,,-0.69,"L45",0.51,-0.62,"H46",0.9511,,,,,,,,
0.53,"L46",0.8763,0.37,"H47",0.9808,,,,,,,,,,0.53,"L46",0.8763,0.37,"H47",0.9808,,,,,,,,,,0.53,"L46",0.8763,0.53,"H47",0.9808,,,,,,,,,,0.53,"L46",0.8763,0.37,"H47",0.9808,,,,,,,,
0.25,"L96",0.9402,-0.72,"H101",0.8753,"4M5Z_1.pdb:",34,2.11,-0.97,1.14,1.506048,-0.668175,0.837873,,-0.62,"L96",0.9402,-0.69,"H101",0.8753,"4JDV_1.pdb:",32,-1.1,-0.94,-2.04,-0.505326,-0.641916,-1.147242,,0.61,"L96",0.9402,-0.72,"H101",0.8753,"6A78_1.pdb:",56,0.73,-2.77,-2.04,0.769236,-1.989479,-1.220243,,0.61,"L96",0.9402,0.25,"H101",0.8753,"1RIU_1.pdb:",11,0.73,0,0.73,0.769236,0.180866,0.950102
0.61,"L98",0.619,-0.69,"H105",0.6019,,,,,,,,,,0.61,"L98",0.619,-0.69,"H105",0.6019,,,,,,,,,,0.61,"L98",0.619,-0.69,"H105",0.6019,,,,,,,,,,0.61,"L98",0.619,-0.69,"H105",0.6019,,,,,,,,
"4NUG_1.pdb:","L","L","4NUG_1.pdb:","H","H",,,,,,,,,,"4RFE_1.pdb:","L","L","4RFE_1.pdb:","H","H",,,,,,,,,,"6AL5_1.pdb:","L","L","6AL5_1.pdb:","H","H",,,,,,,,,,"1RIV_1.pdb:","L","L","1RIV_1.pdb:","H","H",,,,,,,,
-0.26,"L43",0.8784,0.16,"H44",0.7542,,,,,,,,,,0.25,"L43",0.8784,0.16,"H44",0.7542,,,,,,,,,,0.25,"L43",0.8784,0.16,"H44",0.7542,,,,,,,,,,-0.26,"L43",0.8784,0.16,"H44",0.7542,,,,,,,,
-0.07,"L44",0.9433,0.53,"H45",0.9122,,,,,,,,,,-0.07,"L44",0.9433,0.53,"H45",0.9122,,,,,,,,,,-0.07,"L44",0.9433,0.53,"H45",0.9122,,,,,,,,,,-0.07,"L44",0.9433,0.53,"H45",0.9122,,,,,,,,
-0.69,"L45",0.51,-0.62,"H46",0.9511,,,,,,,,,,-1.1,"L45",0.51,-0.62,"H46",0.9511,,,,,,,,,,-1.1,"L45",0.51,-0.62,"H46",0.9511,,,,,,,,,,-0.69,"L45",0.51,-0.62,"H46",0.9511,,,,,,,,
0.53,"L46",0.8763,0.37,"H47",0.9808,,,,,,,,,,0.53,"L46",0.8763,0.37,"H47",0.9808,,,,,,,,,,0.53,"L46",0.8763,0.37,"H47",0.9808,,,,,,,,,,0.53,"L46",0.8763,0.37,"H47",0.9808,,,,,,,,
0.53,"L96",0.9402,-0.72,"H101",0.8753,"4NUG_1.pdb:",60,0.65,-0.97,-0.32,0.69402,-0.668175,0.025845,,-0.4,"L96",0.9402,-0.72,"H101",0.8753,"4RFE_1.pdb:",38,-0.18,-0.97,-1.15,0.058518,-0.668175,-0.609657,,0.37,"L96",0.9402,-0.72,"H101",0.8753,"6AL5_1.pdb:",56,0.59,-0.97,-0.38,0.782472,-0.668175,0.114297,,0.61,"L96",0.9402,0.25,"H101",0.8753,"1RIV_1.pdb:",11,0.73,0,0.73,0.769236,0.180866,0.950102
0.61,"L98",0.619,-0.69,"H105",0.6019,,,,,,,,,,0.61,"L98",0.619,-0.69,"H105",0.6019,,,,,,,,,,0.61,"L98",0.619,-0.69,"H105",0.6019,,,,,,,,,,0.61,"L98",0.619,-0.69,"H105",0.6019,,,,,,,,
"5FUU_1.pdb:","L","L","5FUU_1.pdb:","H","H",,,,,,,,,,"4R97_1.pdb:","L","L","4R97_1.pdb:","H","H",,,,,,,,,,"1MQK_1.pdb:","L","L","1MQK_1.pdb:","H","H",,,,,,,,,,"1RZ7_1.pdb:","L","L","1RZ7_1.pdb:","H","H",,,,,,,,
-0.26,"L43",0.8784,0.16,"H44",0.7542,,,,,,,,,,-0.26,"L43",0.8784,0.16,"H44",0.7542,,,,,,,,,,-0.26,"L43",0.8784,-1.8,"H44",0.7542,,,,,,,,,,0.25,"L43",0.8784,0.16,"H44",0.7542,,,,,,,,
-0.07,"L44",0.9433,0.53,"H45",0.9122,,,,,,,,,,-0.07,"L44",0.9433,0.53,"H45",0.9122,,,,,,,,,,-0.07,"L44",0.9433,0.53,"H45",0.9122,,,,,,,,,,-0.07,"L44",0.9433,0.53,"H45",0.9122,,,,,,,,
-0.69,"L45",0.51,-0.62,"H46",0.9511,,,,,,,,,,-0.64,"L45",0.51,-0.62,"H46",0.9511,,,,,,,,,,-0.69,"L45",0.51,-0.62,"H46",0.9511,,,,,,,,,,-1.1,"L45",0.51,-0.62,"H46",0.9511,,,,,,,,
0.53,"L46",0.8763,0.37,"H47",0.9808,,,,,,,,,,0.25,"L46",0.8763,0.37,"H47",0.9808,,,,,,,,,,0.61,"L46",0.8763,0.37,"H47",0.9808,,,,,,,,,,0.53,"L46",0.8763,0.37,"H47",0.9808,,,,,,,,
0.53,"L96",0.9402,-0.72,"H101",0.8753,"5FUU_1.pdb:",60,0.65,-0.97,-0.32,0.69402,-0.668175,0.025845,,0.53,"L96",0.9402,-0.18,"H101",0.8753,"4R97_1.pdb:",38,0.42,-0.43,-0.01,0.474156,-0.195513,0.278643,,0.53,"L96",0.9402,-0.72,"H101",0.8753,"1MQK_1.pdb:",18,0.73,-2.93,-2.2,0.764124,-2.146407,-1.382283,,0.61,"L96",0.9402,-0.64,"H101",0.8753,"1RZ7_1.pdb:",28,0.83,-0.89,-0.06,1.00812,-0.598151,0.409969
0.61,"L98",0.619,-0.69,"H105",0.6019,,,,,,,,,,0.61,"L98",0.619,-0.69,"H105",0.6019,,,,,,,,,,0.61,"L98",0.619,-0.69,"H105",0.6019,,,,,,,,,,0.61,"L98",0.619,-0.69,"H105",0.6019,,,,,,,,
"6DCQ_1.pdb:","L","L","6DCQ_1.pdb:","H","H",,,,,,,,,,"4R9Y_1.pdb:","L","L","4R9Y_1.pdb:","H","H",,,,,,,,,,"1AR1_1.pdb:","L","L","1AR1_1.pdb:","H","H",,,,,,,,,,"3JWD_1.pdb:","L","L","3JWD_1.pdb:","H","H",,,,,,,,
-0.26,"L43",0.8784,0.16,"H44",0.7542,,,,,,,,,,-0.26,"L43",0.8784,0.16,"H44",0.7542,,,,,,,,,,-0.26,"L43",0.8784,-1.8,"H44",0.7542,,,,,,,,,,0.25,"L43",0.8784,0.16,"H44",0.7542,,,,,,,,
-0.07,"L44",0.9433,0.53,"H45",0.9122,,,,,,,,,,-0.07,"L44",0.9433,0.53,"H45",0.9122,,,,,,,,,,-0.07,"L44",0.9433,0.53,"H45",0.9122,,,,,,,,,,-0.07,"L44",0.9433,0.53,"H45",0.9122,,,,,,,,
-0.69,"L45",0.51,-0.62,"H46",0.9511,,,,,,,,,,-0.64,"L45",0.51,-0.62,"H46",0.9511,,,,,,,,,,-0.69,"L45",0.51,-0.62,"H46",0.9511,,,,,,,,,,-1.1,"L45",0.51,-0.62,"H46",0.9511,,,,,,,,
0.53,"L46",0.8763,0.37,"H47",0.9808,,,,,,,,,,0.25,"L46",0.8763,0.37,"H47",0.9808,,,,,,,,,,0.61,"L46",0.8763,0.37,"H47",0.9808,,,,,,,,,,0.53,"L46",0.8763,0.37,"H47",0.9808,,,,,,,,
0.53,"L96",0.9402,-0.72,"H101",0.8753,"6DCQ_1.pdb:",60,0.65,-0.97,-0.32,0.69402,-0.668175,0.025845,,0.53,"L96",0.9402,-0.18,"H101",0.8753,"4R9Y_1.pdb:",38,0.42,-0.43,-0.01,0.474156,-0.195513,0.278643,,0.53,"L96",0.9402,-0.72,"H101",0.8753,"1AR1_1.pdb:",18,0.73,-2.93,-2.2,0.764124,-2.146407,-1.382283,,0.61,"L96",0.9402,-0.64,"H101",0.8753,"3JWD_1.pdb:",28,0.83,-0.89,-0.06,1.00812,-0.598151,0.409969
0.61,"L98",0.619,-0.69,"H105",0.6019,,,,,,,,,,0.61,"L98",0.619,-0.69,"H105",0.6019,,,,,,,,,,0.61,"L98",0.619,-0.69,"H105",0.6019,,,,,,,,,,0.61,"L98",0.619,-0.69,"H105",0.6019,,,,,,,,
"6MAR_1.pdb:","L","L","6MAR_1.pdb:","H","H",,,,,,,,,,"4RFN_1.pdb:","L","L","4RFN_1.pdb:","H","H",,,,,,,,,,"1QLE_1.pdb:","L","L","1QLE_1.pdb:","H","H",,,,,,,,,,"3JWO_1.pdb:","L","L","3JWO_1.pdb:","H","H",,,,,,,,
-0.26,"L43",0.8784,0.16,"H44",0.7542,,,,,,,,,,0.25,"L43",0.8784,0.16,"H44",0.7542,,,,,,,,,,-0.26,"L43",0.8784,-1.8,"H44",0.7542,,,,,,,,,,0.25,"L43",0.8784,0.16,"H44",0.7542,,,,,,,,
-0.07,"L44",0.9433,0.53,"H45",0.9122,,,,,,,,,,-0.07,"L44",0.9433,0.53,"H45",0.9122,,,,,,,,,,-0.07,"L44",0.9433,0.53,"H45",0.9122,,,,,,,,,,-0.07,"L44",0.9433,0.53,"H45",0.9122,,,,,,,,
-0.69,"L45",0.51,-0.62,"H46",0.9511,,,,,,,,,,-1.1,"L45",0.51,-0.62,"H46",0.9511,,,,,,,,,,-0.69,"L45",0.51,-0.62,"H46",0.9511,,,,,,,,,,-1.1,"L45",0.51,-0.62,"H46",0.9511,,,,,,,,
0.53,"L46",0.8763,0.37,"H47",0.9808,,,,,,,,,,0.53,"L46",0.8763,0.37,"H47",0.9808,,,,,,,,,,0.61,"L46",0.8763,0.37,"H47",0.9808,,,,,,,,,,0.53,"L46",0.8763,0.37,"H47",0.9808,,,,,,,,
0.53,"L96",0.9402,-0.72,"H101",0.8753,"6MAR_1.pdb:",60,0.65,-0.97,-0.32,0.69402,-0.668175,0.025845,,-0.4,"L96",0.9402,-0.72,"H101",0.8753,"4RFN_1.pdb:",38,-0.18,-0.97,-1.15,0.058518,-0.668175,-0.609657,,0.53,"L96",0.9402,-0.72,"H101",0.8753,"1QLE_1.pdb:",18,0.73,-2.93,-2.2,0.764124,-2.146407,-1.382283,,0.61,"L96",0.9402,-0.64,"H101",0.8753,"3JWO_1.pdb:",28,0.83,-0.89,-0.06,1.00812,-0.598151,0.409969
0.61,"L98",0.619,-0.69,"H105",0.6019,,,,,,,,,,0.61,"L98",0.619,-0.69,"H105",0.6019,,,,,,,,,,0.61,"L98",0.619,-0.69,"H105",0.6019,,,,,,,,,,0.61,"L98",0.619,-0.69,"H105",0.6019,,,,,,,,
"5WTG_1.pdb:","L","L","5WTG_1.pdb:","H","H",,,,,,,,,,"5FCU_1.pdb:","L","L","5FCU_1.pdb:","H","H",,,,,,,,,,"3EHB_1.pdb:","L","L","3EHB_1.pdb:","H","H",,,,,,,,,,"4DVR_1.pdb:","L","L","4DVR_1.pdb:","H","H",,,,,,,,
-0.26,"L43",0.8784,-1.8,"H44",0.7542,,,,,,,,,,0.25,"L43",0.8784,0.16,"H44",0.7542,,,,,,,,,,-0.26,"L43",0.8784,-1.8,"H44",0.7542,,,,,,,,,,0.25,"L43",0.8784,0.16,"H44",0.7542,,,,,,,,
-0.07,"L44",0.9433,0.53,"H45",0.9122,,,,,,,,,,-0.07,"L44",0.9433,0.53,"H45",0.9122,,,,,,,,,,-0.07,"L44",0.9433,0.53,"H45",0.9122,,,,,,,,,,-0.07,"L44",0.9433,0.53,"H45",0.9122,,,,,,,,
-1.1,"L45",0.51,-0.62,"H46",0.9511,,,,,,,,,,-1.1,"L45",0.51,-0.62,"H46",0.9511,,,,,,,,,,-0.69,"L45",0.51,-0.62,"H46",0.9511,,,,,,,,,,-1.1,"L45",0.51,-0.62,"H46",0.9511,,,,,,,,
-1.8,"L46",0.8763,0.37,"H47",0.9808,,,,,,,,,,0.53,"L46",0.8763,0.37,"H47",0.9808,,,,,,,,,,0.61,"L46",0.8763,0.37,"H47",0.9808,,,,,,,,,,0.53,"L46",0.8763,0.37,"H47",0.9808,,,,,,,,
0.02,"L96",0.9402,-0.72,"H101",0.8753,"5WTG_1.pdb:",54,-2.6,-2.93,-5.53,-2.036361,-2.146407,-4.182768,,-0.4,"L96",0.9402,-0.72,"H101",0.8753,"5FCU_1.pdb:",38,-0.18,-0.97,-1.15,0.058518,-0.668175,-0.609657,,0.53,"L96",0.9402,-0.72,"H101",0.8753,"3EHB_1.pdb:",18,0.73,-2.93,-2.2,0.764124,-2.146407,-1.382283,,0.61,"L96",0.9402,-0.64,"H101",0.8753,"4DVR_1.pdb:",28,0.83,-0.89,-0.06,1.00812,-0.598151,0.409969
0.61,"L98",0.619,-0.69,"H105",0.6019,,,,,,,,,,0.61,"L98",0.619,-0.69,"H105",0.6019,,,,,,,,,,0.61,"L98",0.619,-0.69,"H105",0.6019,,,,,,,,,,0.61,"L98",0.619,-0.69,"H105",0.6019,,,,,,,,
"5WK2_1.pdb:","L","L","5WK2_1.pdb:","H","H",,,,,,,,,,"6EA5_1.pdb:","L","L","6EA5_1.pdb:","H","H",,,,,,,,,,"3HB3_1.pdb:","L","L","3HB3_1.pdb:","H","H",,,,,,,,,,,,,,,,,,,,,,,
-0.07,"L43",0.8784,0.16,"H44",0.7542,,,,,,,,,,0.25,"L43",0.8784,0.16,"H44",0.7542,,,,,,,,,,-0.26,"L43",0.8784,-1.8,"H44",0.7542,,,,,,,,,,,,,,,,,,,,,,,
-0.07,"L44",0.9433,0.53,"H45",0.9122,,,,,,,,,,-0.07,"L44",0.9433,0.53,"H45",0.9122,,,,,,,,,,-0.07,"L44",0.9433,0.53,"H45",0.9122,,,,,,,,,,,,,,,,,,,,,,,
-1.1,"L45",0.51,-0.62,"H46",0.9511,,,,,,,,,,-1.1,"L45",0.51,-0.62,"H46",0.9511,,,,,,,,,,-0.69,"L45",0.51,-0.62,"H46",0.9511,,,,,,,,,,,,,,,,,,,,,,,
0.53,"L46",0.8763,0.37,"H47",0.9808,,,,,,,,,,0.53,"L46",0.8763,0.37,"H47",0.9808,,,,,,,,,,0.61,"L46",0.8763,0.37,"H47",0.9808,,,,,,,,,,,,,,,,,,,,,,,
-0.26,"L96",0.9402,-0.72,"H101",0.8753,"5WK2_1.pdb:",54,-0.36,-0.97,-1.33,-0.090942,-0.668175,-0.759117,,-0.07,"L96",0.9402,-0.72,"H101",0.8753,"6EA5_1.pdb:",62,0.15,-0.97,-0.82,0.368784,-0.668175,-0.299391,,0.53,"L96",0.9402,-0.72,"H101",0.8753,"3HB3_1.pdb:",18,0.73,-2.93,-2.2,0.764124,-2.146407,-1.382283,,,,,,,,,,,,,,,
0.61,"L98",0.619,-0.69,"H105",0.6019,,,,,,,,,,0.61,"L98",0.619,-0.69,"H105",0.6019,,,,,,,,,,0.61,"L98",0.619,-0.69,"H105",0.6019,,,,,,,,,,,,,,,,,,,,,,,
"5WK3_1.pdb:","L","L","5WK3_1.pdb:","H","H",,,,,,,,,,"6EA7_1.pdb:","L","L","6EA7_1.pdb:","H","H",,,,,,,,,,"4R26_1.pdb:","L","L","4R26_1.pdb:","H","H",,,,,,,,,,,,,,,,,,,,,,,
-0.07,"L43",0.8784,0.16,"H44",0.7542,,,,,,,,,,0.25,"L43",0.8784,0.16,"H44",0.7542,,,,,,,,,,0.25,"L43",0.8784,0.16,"H44",0.7542,,,,,,,,,,,,,,,,,,,,,,,
-0.07,"L44",0.9433,0.53,"H45",0.9122,,,,,,,,,,-0.07,"L44",0.9433,0.53,"H45",0.9122,,,,,,,,,,-0.07,"L44",0.9433,0.53,"H45",0.9122,,,,,,,,,,,,,,,,,,,,,,,
-1.1,"L45",0.51,-0.62,"H46",0.9511,,,,,,,,,,-1.1,"L45",0.51,-0.62,"H46",0.9511,,,,,,,,,,0.73,"L45",0.51,-0.62,"H46",0.9511,,,,,,,,,,,,,,,,,,,,,,,
0.53,"L46",0.8763,0.37,"H47",0.9808,,,,,,,,,,0.53,"L46",0.8763,0.37,"H47",0.9808,,,,,,,,,,0.53,"L46",0.8763,0.37,"H47",0.9808,,,,,,,,,,,,,,,,,,,,,,,
-0.26,"L96",0.9402,-0.72,"H101",0.8753,"5WK3_1.pdb:",54,-0.36,-0.97,-1.33,-0.090942,-0.668175,-0.759117,,-0.07,"L96",0.9402,-0.72,"H101",0.8753,"6EA7_1.pdb:",62,0.15,-0.97,-0.82,0.368784,-0.668175,-0.299391,,0.37,"L96",0.9402,-0.72,"H101",0.8753,"4R26_1.pdb:",37,2.42,-1.38,1.04,1.715772,-0.914954,0.800818,,,,,,,,,,,,,,,
0.61,"L98",0.619,-0.69,"H105",0.6019,,,,,,,,,,0.61,"L98",0.619,-0.69,"H105",0.6019,,,,,,,,,,0.61,"L98",0.619,-1.1,"H105",0.6019,,,,,,,,,,,,,,,,,,,,,,,
"5WTH_1.pdb:","L","L","5WTH_1.pdb:","H","H",,,,,,,,,,"6DZL_1.pdb:","L","L","6DZL_1.pdb:","H","H",,,,,,,,,,"4R2G_1.pdb:","L","L","4R2G_1.pdb:","H","H",,,,,,,,,,,,,,,,,,,,,,,
-0.26,"L43",0.8784,-1.8,"H44",0.7542,,,,,,,,,,0.25,"L43",0.8784,0.16,"H44",0.7542,,,,,,,,,,0.25,"L43",0.8784,0.16,"H44",0.7542,,,,,,,,,,,,,,,,,,,,,,,
-0.07,"L44",0.9433,0.53,"H45",0.9122,,,,,,,,,,-0.07,"L44",0.9433,0.53,"H45",0.9122,,,,,,,,,,-0.07,"L44",0.9433,0.53,"H45",0.9122,,,,,,,,,,,,,,,,,,,,,,,
-1.1,"L45",0.51,-0.62,"H46",0.9511,,,,,,,,,,-1.1,"L45",0.51,-0.62,"H46",0.9511,,,,,,,,,,0.73,"L45",0.51,-0.62,"H46",0.9511,,,,,,,,,,,,,,,,,,,,,,,
-1.8,"L46",0.8763,0.37,"H47",0.9808,,,,,,,,,,0.53,"L46",0.8763,0.37,"H47",0.9808,,,,,,,,,,0.53,"L46",0.8763,0.37,"H47",0.9808,,,,,,,,,,,,,,,,,,,,,,,
0.02,"L96",0.9402,-0.72,"H101",0.8753,"5WTH_1.pdb:",54,-2.6,-2.93,-5.53,-2.036361,-2.146407,-4.182768,,-0.07,"L96",0.9402,-0.72,"H101",0.8753,"6DZL_1.pdb:",62,0.15,-0.97,-0.82,0.368784,-0.668175,-0.299391,,0.37,"L96",0.9402,-0.72,"H101",0.8753,"4R2G_1.pdb:",37,2.42,-1.38,1.04,1.715772,-0.914954,0.800818,,,,,,,,,,,,,,,
0.61,"L98",0.619,-0.69,"H105",0.6019,,,,,,,,,,0.61,"L98",0.619,-0.69,"H105",0.6019,,,,,,,,,,0.61,"L98",0.619,-1.1,"H105",0.6019,,,,,,,,,,,,,,,,,,,,,,,
,,,,,,,,,,,,,,,"6DZM_1.pdb:","L","L","6DZM_1.pdb:","H","H",,,,,,,,,,"5T3S_1.pdb:","L","L","5T3S_1.pdb:","H","H",,,,,,,,,,,,,,,,,,,,,,,
,,,,,,,,,,,,,,,0.25,"L43",0.8784,0.16,"H44",0.7542,,,,,,,,,,0.25,"L43",0.8784,0.16,"H44",0.7542,,,,,,,,,,,,,,,,,,,,,,,
,,,,,,,,,,,,,,,-0.07,"L44",0.9433,0.53,"H45",0.9122,,,,,,,,,,-0.07,"L44",0.9433,0.53,"H45",0.9122,,,,,,,,,,,,,,,,,,,,,,,
,,,,,,,,,,,,,,,-1.1,"L45",0.51,-0.62,"H46",0.9511,,,,,,,,,,0.73,"L45",0.51,-0.62,"H46",0.9511,,,,,,,,,,,,,,,,,,,,,,,
,,,,,,,,,,,,,,,0.53,"L46",0.8763,0.37,"H47",0.9808,,,,,,,,,,0.53,"L46",0.8763,0.37,"H47",0.9808,,,,,,,,,,,,,,,,,,,,,,,
,,,,,,,,,,,,,,,-0.07,"L96",0.9402,-0.72,"H101",0.8753,"6DZM_1.pdb:",62,0.15,-0.97,-0.82,0.368784,-0.668175,-0.299391,,0.37,"L96",0.9402,-0.72,"H101",0.8753,"5T3S_1.pdb:",37,2.42,-1.38,1.04,1.715772,-0.914954,0.800818,,,,,,,,,,,,,,,
,,,,,,,,,,,,,,,0.61,"L98",0.619,-0.69,"H105",0.6019,,,,,,,,,,0.61,"L98",0.619,-1.1,"H105",0.6019,,,,,,,,,,,,,,,,,,,,,,,
,,,,,,,,,,,,,,,"6EA5_2.pdb:","L","L","6EA5_2.pdb:","H","H",,,,,,,,,,"6IEQ_1.pdb:","L","L","6IEQ_1.pdb:","H","H",,,,,,,,,,,,,,,,,,,,,,,
,,,,,,,,,,,,,,,0.25,"L43",0.8784,0.16,"H44",0.7542,,,,,,,,,,0.25,"L43",0.8784,0.16,"H44",0.7542,,,,,,,,,,,,,,,,,,,,,,,
,,,,,,,,,,,,,,,-0.07,"L44",0.9433,0.53,"H45",0.9122,,,,,,,,,,-0.07,"L44",0.9433,0.53,"H45",0.9122,,,,,,,,,,,,,,,,,,,,,,,
,,,,,,,,,,,,,,,-1.1,"L45",0.51,-0.62,"H46",0.9511,,,,,,,,,,0.73,"L45",0.51,-0.62,"H46",0.9511,,,,,,,,,,,,,,,,,,,,,,,
,,,,,,,,,,,,,,,0.53,"L46",0.8763,0.37,"H47",0.9808,,,,,,,,,,0.53,"L46",0.8763,0.37,"H47",0.9808,,,,,,,,,,,,,,,,,,,,,,,
,,,,,,,,,,,,,,,-0.07,"L96",0.9402,-0.72,"H101",0.8753,"6EA5_2.pdb:",62,0.15,-0.97,-0.82,0.368784,-0.668175,-0.299391,,0.37,"L96",0.9402,-0.72,"H101",0.8753,"6IEQ_1.pdb:",37,2.42,-1.38,1.04,1.715772,-0.914954,0.800818,,,,,,,,,,,,,,,
,,,,,,,,,,,,,,,0.61,"L98",0.619,-0.69,"H105",0.6019,,,,,,,,,,0.61,"L98",0.619,-1.1,"H105",0.6019,,,,,,,,,,,,,,,,,,,,,,,
,,,,,,,,,,,,,,,"6EA7_2.pdb:","L","L","6EA7_2.pdb:","H","H",,,,,,,,,,"1CFQ_1.pdb:","L","L","1CFQ_1.pdb:","H","H",,,,,,,,,,,,,,,,,,,,,,,
,,,,,,,,,,,,,,,0.25,"L43",0.8784,0.16,"H44",0.7542,,,,,,,,,,-0.26,"L43",0.8784,0.16,"H44",0.7542,,,,,,,,,,,,,,,,,,,,,,,
,,,,,,,,,,,,,,,-0.07,"L44",0.9433,0.53,"H45",0.9122,,,,,,,,,,-0.07,"L44",0.9433,0.53,"H45",0.9122,,,,,,,,,,,,,,,,,,,,,,,
,,,,,,,,,,,,,,,-1.1,"L45",0.51,-0.62,"H46",0.9511,,,,,,,,,,-1.1,"L45",0.51,-0.62,"H46",0.9511,,,,,,,,,,,,,,,,,,,,,,,
,,,,,,,,,,,,,,,0.53,"L46",0.8763,0.37,"H47",0.9808,,,,,,,,,,-0.18,"L46",0.8763,0.37,"H47",0.9808,,,,,,,,,,,,,,,,,,,,,,,
,,,,,,,,,,,,,,,-0.07,"L96",0.9402,-0.72,"H101",0.8753,"6EA7_2.pdb:",62,0.15,-0.97,-0.82,0.368784,-0.668175,-0.299391,,0.53,"L96",0.9402,-0.72,"H101",0.8753,"1CFQ_1.pdb:",2,-0.47,-0.97,-1.44,-0.137253,-0.668175,-0.805428,,,,,,,,,,,,,,,
,,,,,,,,,,,,,,,0.61,"L98",0.619,-0.69,"H105",0.6019,,,,,,,,,,0.61,"L98",0.619,-0.69,"H105",0.6019,,,,,,,,,,,,,,,,,,,,,,,
,,,,,,,,,,,,,,,"5H30_1.pdb:","L","L","5H30_1.pdb:","H","H",,,,,,,,,,"1BOG_1.pdb:","L","L","1BOG_1.pdb:","H","H",,,,,,,,,,,,,,,,,,,,,,,
,,,,,,,,,,,,,,,0.25,"L43",0.8784,-1.8,"H44",0.7542,,,,,,,,,,-0.26,"L43",0.8784,0.16,"H44",0.7542,,,,,,,,,,,,,,,,,,,,,,,
,,,,,,,,,,,,,,,-0.07,"L44",0.9433,0.53,"H45",0.9122,,,,,,,,,,-0.07,"L44",0.9433,0.53,"H45",0.9122,,,,,,,,,,,,,,,,,,,,,,,
,,,,,,,,,,,,,,,-1.1,"L45",0.51,-0.62,"H46",0.9511,,,,,,,,,,-1.1,"L45",0.51,-0.62,"H46",0.9511,,,,,,,,,,,,,,,,,,,,,,,
,,,,,,,,,,,,,,,0.53,"L46",0.8763,0.37,"H47",0.9808,,,,,,,,,,-0.18,"L46",0.8763,0.37,"H47",0.9808,,,,,,,,,,,,,,,,,,,,,,,
,,,,,,,,,,,,,,,0.37,"L96",0.9402,-0.72,"H101",0.8753,"5H30_1.pdb:",46,0.59,-2.93,-2.34,0.782472,-2.146407,-1.363935,,0.53,"L96",0.9402,-0.72,"H101",0.8753,"1BOG_1.pdb:",2,-0.47,-0.97,-1.44,-0.137253,-0.668175,-0.805428,,,,,,,,,,,,,,,
,,,,,,,,,,,,,,,0.61,"L98",0.619,-0.69,"H105",0.6019,,,,,,,,,,0.61,"L98",0.619,-0.69,"H105",0.6019,,,,,,,,,,,,,,,,,,,,,,,
,,,,,,,,,,,,,,,"5H32_1.pdb:","L","L","5H32_1.pdb:","H","H",,,,,,,,,,"1CFN_1.pdb:","L","L","1CFN_1.pdb:","H","H",,,,,,,,,,,,,,,,,,,,,,,
,,,,,,,,,,,,,,,0.25,"L43",0.8784,-1.8,"H44",0.7542,,,,,,,,,,-0.26,"L43",0.8784,0.16,"H44",0.7542,,,,,,,,,,,,,,,,,,,,,,,
,,,,,,,,,,,,,,,-0.07,"L44",0.9433,0.53,"H45",0.9122,,,,,,,,,,-0.07,"L44",0.9433,0.53,"H45",0.9122,,,,,,,,,,,,,,,,,,,,,,,
,,,,,,,,,,,,,,,-1.1,"L45",0.51,-0.62,"H46",0.9511,,,,,,,,,,-1.1,"L45",0.51,-0.62,"H46",0.9511,,,,,,,,,,,,,,,,,,,,,,,
,,,,,,,,,,,,,,,0.53,"L46",0.8763,0.37,"H47",0.9808,,,,,,,,,,-0.18,"L46",0.8763,0.37,"H47",0.9808,,,,,,,,,,,,,,,,,,,,,,,
,,,,,,,,,,,,,,,0.37,"L96",0.9402,-0.72,"H101",0.8753,"5H32_1.pdb:",46,0.59,-2.93,-2.34,0.782472,-2.146407,-1.363935,,0.53,"L96",0.9402,-0.72,"H101",0.8753,"1CFN_1.pdb:",2,-0.47,-0.97,-1.44,-0.137253,-0.668175,-0.805428,,,,,,,,,,,,,,,
,,,,,,,,,,,,,,,0.61,"L98",0.619,-0.69,"H105",0.6019,,,,,,,,,,0.61,"L98",0.619,-0.69,"H105",0.6019,,,,,,,,,,,,,,,,,,,,,,,
,,,,,,,,,,,,,,,"4UT9_1.pdb:","L","L","4UT9_1.pdb:","H","H",,,,,,,,,,"1CFS_1.pdb:","L","L","1CFS_1.pdb:","H","H",,,,,,,,,,,,,,,,,,,,,,,
,,,,,,,,,,,,,,,0.25,"L43",0.8784,-1.8,"H44",0.7542,,,,,,,,,,-0.26,"L43",0.8784,0.16,"H44",0.7542,,,,,,,,,,,,,,,,,,,,,,,
,,,,,,,,,,,,,,,-0.07,"L44",0.9433,0.53,"H45",0.9122,,,,,,,,,,-0.07,"L44",0.9433,0.53,"H45",0.9122,,,,,,,,,,,,,,,,,,,,,,,
,,,,,,,,,,,,,,,-1.1,"L45",0.51,-0.62,"H46",0.9511,,,,,,,,,,-1.1,"L45",0.51,-0.62,"H46",0.9511,,,,,,,,,,,,,,,,,,,,,,,
,,,,,,,,,,,,,,,0.53,"L46",0.8763,0.37,"H47",0.9808,,,,,,,,,,-0.18,"L46",0.8763,0.37,"H47",0.9808,,,,,,,,,,,,,,,,,,,,,,,
,,,,,,,,,,,,,,,0.37,"L96",0.9402,-0.72,"H101",0.8753,"4UT9_1.pdb:",46,0.59,-2.93,-2.34,0.782472,-2.146407,-1.363935,,0.53,"L96",0.9402,-0.72,"H101",0.8753,"1CFS_1.pdb:",2,-0.47,-0.97,-1.44,-0.137253,-0.668175,-0.805428,,,,,,,,,,,,,,,
,,,,,,,,,,,,,,,0.61,"L98",0.619,-0.69,"H105",0.6019,,,,,,,,,,0.61,"L98",0.619,-0.69,"H105",0.6019,,,,,,,,,,,,,,,,,,,,,,,
,,,,,,,,,,,,,,,"5H37_1.pdb:","L","L","5H37_1.pdb:","H","H",,,,,,,,,,"1CFT_1.pdb:","L","L","1CFT_1.pdb:","H","H",,,,,,,,,,,,,,,,,,,,,,,
,,,,,,,,,,,,,,,0.25,"L43",0.8784,-1.8,"H44",0.7542,,,,,,,,,,-0.26,"L43",0.8784,0.16,"H44",0.7542,,,,,,,,,,,,,,,,,,,,,,,
,,,,,,,,,,,,,,,-0.07,"L44",0.9433,0.53,"H45",0.9122,,,,,,,,,,-0.07,"L44",0.9433,0.53,"H45",0.9122,,,,,,,,,,,,,,,,,,,,,,,
,,,,,,,,,,,,,,,-1.1,"L45",0.51,-0.62,"H46",0.9511,,,,,,,,,,-1.1,"L45",0.51,-0.62,"H46",0.9511,,,,,,,,,,,,,,,,,,,,,,,
,,,,,,,,,,,,,,,0.53,"L46",0.8763,0.37,"H47",0.9808,,,,,,,,,,-0.18,"L46",0.8763,0.37,"H47",0.9808,,,,,,,,,,,,,,,,,,,,,,,
,,,,,,,,,,,,,,,0.37,"L96",0.9402,-0.72,"H101",0.8753,"5H37_1.pdb:",46,0.59,-2.93,-2.34,0.782472,-2.146407,-1.363935,,0.53,"L96",0.9402,-0.72,"H101",0.8753,"1CFT_1.pdb:",2,-0.47,-0.97,-1.44,-0.137253,-0.668175,-0.805428,,,,,,,,,,,,,,,
,,,,,,,,,,,,,,,0.61,"L98",0.619,-0.69,"H105",0.6019,,,,,,,,,,0.61,"L98",0.619,-0.69,"H105",0.6019,,,,,,,,,,,,,,,,,,,,,,,
,,,,,,,,,,,,,,,"4M7Z_1.pdb:","L","L","4M7Z_1.pdb:","H","H",,,,,,,,,,"1HH6_1.pdb:","L","L","1HH6_1.pdb:","H","H",,,,,,,,,,,,,,,,,,,,,,,
,,,,,,,,,,,,,,,-0.26,"L43",0.8784,0.16,"H44",0.7542,,,,,,,,,,-0.26,"L43",0.8784,0.16,"H44",0.7542,,,,,,,,,,,,,,,,,,,,,,,
,,,,,,,,,,,,,,,-0.07,"L44",0.9433,0.53,"H45",0.9122,,,,,,,,,,-0.07,"L44",0.9433,0.53,"H45",0.9122,,,,,,,,,,,,,,,,,,,,,,,
,,,,,,,,,,,,,,,-1.1,"L45",0.51,-0.62,"H46",0.9511,,,,,,,,,,-1.1,"L45",0.51,-0.62,"H46",0.9511,,,,,,,,,,,,,,,,,,,,,,,
,,,,,,,,,,,,,,,0.53,"L46",0.8763,0.37,"H47",0.9808,,,,,,,,,,-0.18,"L46",0.8763,0.37,"H47",0.9808,,,,,,,,,,,,,,,,,,,,,,,
,,,,,,,,,,,,,,,0.02,"L96",0.9402,0.25,"H101",0.8753,"4M7Z_1.pdb:",35,-0.27,0,-0.27,0.005418,0.180866,0.186284,,0.53,"L96",0.9402,-0.72,"H101",0.8753,"1HH6_1.pdb:",2,-0.47,-0.97,-1.44,-0.137253,-0.668175,-0.805428,,,,,,,,,,,,,,,
,,,,,,,,,,,,,,,0.61,"L98",0.619,-0.69,"H105",0.6019,,,,,,,,,,0.61,"L98",0.619,-0.69,"H105",0.6019,,,,,,,,,,,,,,,,,,,,,,,
,,,,,,,,,,,,,,,"4M93_1.pdb:","L","L","4M93_1.pdb:","H","H",,,,,,,,,,"1HH9_1.pdb:","L","L","1HH9_1.pdb:","H","H",,,,,,,,,,,,,,,,,,,,,,,
,,,,,,,,,,,,,,,-0.26,"L43",0.8784,0.16,"H44",0.7542,,,,,,,,,,-0.26,"L43",0.8784,0.16,"H44",0.7542,,,,,,,,,,,,,,,,,,,,,,,
,,,,,,,,,,,,,,,-0.07,"L44",0.9433,0.53,"H45",0.9122,,,,,,,,,,-0.07,"L44",0.9433,0.53,"H45",0.9122,,,,,,,,,,,,,,,,,,,,,,,
,,,,,,,,,,,,,,,-1.1,"L45",0.51,-0.62,"H46",0.9511,,,,,,,,,,-1.1,"L45",0.51,-0.62,"H46",0.9511,,,,,,,,,,,,,,,,,,,,,,,
,,,,,,,,,,,,,,,0.53,"L46",0.8763,0.37,"H47",0.9808,,,,,,,,,,-0.18,"L46",0.8763,0.37,"H47",0.9808,,,,,,,,,,,,,,,,,,,,,,,
,,,,,,,,,,,,,,,0.02,"L96",0.9402,0.25,"H101",0.8753,"4M93_1.pdb:",35,-0.27,0,-0.27,0.005418,0.180866,0.186284,,0.53,"L96",0.9402,-0.72,"H101",0.8753,"1HH9_1.pdb:",2,-0.47,-0.97,-1.44,-0.137253,-0.668175,-0.805428,,,,,,,,,,,,,,,
,,,,,,,,,,,,,,,0.61,"L98",0.619,-0.69,"H105",0.6019,,,,,,,,,,0.61,"L98",0.619,-0.69,"H105",0.6019,,,,,,,,,,,,,,,,,,,,,,,
,,,,,,,,,,,,,,,"4MA1_1.pdb:","L","L","4MA1_1.pdb:","H","H",,,,,,,,,,"1HI6_1.pdb:","L","L","1HI6_1.pdb:","H","H",,,,,,,,,,,,,,,,,,,,,,,
,,,,,,,,,,,,,,,-0.26,"L43",0.8784,0.16,"H44",0.7542,,,,,,,,,,-0.26,"L43",0.8784,0.16,"H44",0.7542,,,,,,,,,,,,,,,,,,,,,,,
,,,,,,,,,,,,,,,-0.07,"L44",0.9433,0.53,"H45",0.9122,,,,,,,,,,-0.07,"L44",0.9433,0.53,"H45",0.9122,,,,,,,,,,,,,,,,,,,,,,,
,,,,,,,,,,,,,,,-1.1,"L45",0.51,-0.62,"H46",0.9511,,,,,,,,,,-1.1,"L45",0.51,-0.62,"H46",0.9511,,,,,,,,,,,,,,,,,,,,,,,
,,,,,,,,,,,,,,,0.53,"L46",0.8763,0.37,"H47",0.9808,,,,,,,,,,-0.18,"L46",0.8763,0.37,"H47",0.9808,,,,,,,,,,,,,,,,,,,,,,,
,,,,,,,,,,,,,,,0.02,"L96",0.9402,0.25,"H101",0.8753,"4MA1_1.pdb:",35,-0.27,0,-0.27,0.005418,0.180866,0.186284,,0.53,"L96",0.9402,-0.72,"H101",0.8753,"1HI6_1.pdb:",2,-0.47,-0.97,-1.44,-0.137253,-0.668175,-0.805428,,,,,,,,,,,,,,,
,,,,,,,,,,,,,,,0.61,"L98",0.619,-0.69,"H105",0.6019,,,,,,,,,,0.61,"L98",0.619,-0.69,"H105",0.6019,,,,,,,,,,,,,,,,,,,,,,,
,,,,,,,,,,,,,,,"4MA1_3.pdb:",,"L","4MA1_3.pdb:",,"H",,,,,,,,,,,,,,,,,,,,,,,,,,,,,,,,,,,,,,
,,,,,,,,,,,,,,,-0.26,,0.8784,0.16,,0.7542,,,,,,,,,,,,,,,,,,,,,,,,,,,,,,,,,,,,,,
,,,,,,,,,,,,,,,-0.07,,0.9433,0.53,,0.9122,,,,,,,,,,,,,,,,,,,,,,,,,,,,,,,,,,,,,,
,,,,,,,,,,,,,,,-1.1,,0.51,-0.62,,0.9511,,,,,,,,,,,,,,,,,,,,,,,,,,,,,,,,,,,,,,
,,,,,,,,,,,,,,,0.53,,0.8763,0.37,,0.9808,,,,,,,,,,,,,,,,,,,,,,,,,,,,,,,,,,,,,,
,,,,,,,,,,,,,,,0.02,,0.9402,0.25,,0.8753,"4MA1_3.pdb:",35,-0.27,0,-0.27,0.005418,0.180866,0.186284,,,,,,,,,,,,,,,,,,,,,,,,,,,,,,
,,,,,,,,,,,,,,,0.61,,0.619,-0.69,,0.6019,,,,,,,,,,,,,,,,,,,,,,,,,,,,,,,,,,,,,,
,,,,,,,,,,,,,,,"4M7J_1.pdb:",,"L","4M7J_1.pdb:",,"H",,,,,,,,,,,,,,,,,,,,,,,,,,,,,,,,,,,,,,
,,,,,,,,,,,,,,,-0.26,,0.8784,0.16,,0.7542,,,,,,,,,,,,,,,,,,,,,,,,,,,,,,,,,,,,,,
,,,,,,,,,,,,,,,-0.07,,0.9433,0.53,,0.9122,,,,,,,,,,,,,,,,,,,,,,,,,,,,,,,,,,,,,,
,,,,,,,,,,,,,,,-1.1,,0.51,-0.62,,0.9511,,,,,,,,,,,,,,,,,,,,,,,,,,,,,,,,,,,,,,
,,,,,,,,,,,,,,,0.53,,0.8763,0.37,,0.9808,,,,,,,,,,,,,,,,,,,,,,,,,,,,,,,,,,,,,,
,,,,,,,,,,,,,,,0.02,,0.9402,0.25,,0.8753,"4M7J_1.pdb:",35,-0.27,0,-0.27,0.005418,0.180866,0.186284,,,,,,,,,,,,,,,,,,,,,,,,,,,,,,
,,,,,,,,,,,,,,,0.61,,0.619,-0.69,,0.6019,,,,,,,,,,,,,,,,,,,,,,,,,,,,,,,,,,,,,,
