"Ab Set ID","All range","all sd","Range/2","Range/3","SD_range/2_diff","SD_range/3_diff","redundancy count","Ab redundant PDB structures",,,,,,,
56,5.007,2.665,2.503,1.669,0.161,0.996,4,"6AL4_1","6A76_1","6A77_1","6A78_1","6AL5_1",,,
18,5.098,2.108,2.549,1.699,-0.441,0.408,5,"1MQK_1","1AR1_1","1QLE_1","3EHB_1","3HB3_1",,,
37,5.263,2.370,2.631,1.754,-0.262,0.616,4,"4R26_1","4R2G_1","5T3S_1","6IEQ_1",,,,
2,5.423,2.021,2.712,1.808,-0.691,0.213,8,"1CFQ_1","1BOG_1","1CFN_1","1CFS_1","1CFT_1","1HH6_1","1HH9_1","1HI6_1"
34,6.074,3.075,3.037,2.025,0.038,1.050,4,"4M6M_1 ","4M6N_1","4M5Y_1","4M5Z_1",,,,
30,6.077,2.324,3.039,2.026,-0.715,0.298,7,"4FQH_1","4NZT_1","4FQI_1","4FQV_1","5CJQ_1","5CJS_1","6CNV_1",
60,6.560,3.261,3.280,2.187,-0.01952,1.074,4,"4NUG_1","5FUU_1","6DCQ_1","6MAR_1",,,,
39,7.555,2.499,3.777,2.518,-1.278,-0.019,7,,,,,,,,
32,7.740,3.743,3.870,2.580,-0.127,1.163,4,"4JDV_2","4JAM_1","4JAN_1","4JDV_1",,,,
38,7.758,3.130,3.879,2.586,-0.749,0.544,5,"4RFE_1","4R97_1","4R9Y_1","4RFN_1","5FCU_1",,,
62,8.089,3.021,4.045,2.696,-1.024,0.324,6,"6EA5_1","6EA7_1","6DZL_1","6DZM_1","6EA5_2","6EA7_2",,
46,8.291,3.395,4.145,2.764,-0.750,0.632,4,"5H30_1","5H32_1","4UT9_1","5H37_1",,,,
35,8.362,4.068,4.181,2.787,-0.113,1.281,5,"4M7Z_1","4M93_1","4MA1_1","4MA1_3","4M7J_1",,,
22,8.547,2.794,4.273,2.849,-1.479,-0.055,7,,,,,,,,
54,8.724,4.579,4.362,2.908,0.218,1.671,4,"5WTG_1","5WK2_1","5WK3_1","5WTH_1",,,,
8,10.940,3.313,5.470,3.647,-2.157,-0.334,10,,,,,,,,
